id,name,family,status,layers,rows,config_status,config_source,revision,gap
kimi-k1,K1,Kimi,资料缺口；未逐层分析,0,1,配置缺失,无公开配置来源,,未找到可直接关联的公开checkpoint配置，不能由底座推定该版本层数
kimi-k1.5,K1.5,Kimi,资料缺口；未逐层分析,0,1,配置缺失,https://arxiv.org/abs/2501.12599,,未找到可直接关联的公开checkpoint配置，不能由底座推定该版本层数
kimi-kimi-audio-7b,Kimi-Audio-7B,Kimi,逐层配置/数学推导；部分模块未知,34,401,固定配置,https://huggingface.co/moonshotai/Kimi-Audio-7B/resolve/d90be7113cd5be6bcf54fae2aabcad060a23f6cf/config.json,d90be7113cd5be6bcf54fae2aabcad060a23f6cf,
kimi-kimi-audio-7b-instruct,Kimi-Audio-7B-Instruct,Kimi,逐层配置/数学推导；部分模块未知,34,401,固定配置,https://huggingface.co/moonshotai/Kimi-Audio-7B-Instruct/resolve/9a82a84c37ad9eb1307fb6ed8d7b397862ef9e6b/config.json,9a82a84c37ad9eb1307fb6ed8d7b397862ef9e6b,
kimi-kimi-dev-72b,Kimi-Dev-72B,Kimi,逐层配置/数学推导；部分模块未知,80,1041,固定配置,https://huggingface.co/moonshotai/Kimi-Dev-72B/resolve/8791d7981945752a51f692d66f2bbfb3573c9722/config.json,8791d7981945752a51f692d66f2bbfb3573c9722,
kimi-kimi-k2-base,Kimi-K2-Base,Kimi,逐层配置/数学推导；部分模块未知,61,1763,固定配置,https://huggingface.co/moonshotai/Kimi-K2-Base/resolve/ce72df012259dcc55d945e890f815fe7ef69159c/config.json,ce72df012259dcc55d945e890f815fe7ef69159c,
kimi-kimi-k2-instruct,Kimi-K2-Instruct,Kimi,逐层源码/权重证据 + 条件接口,61,1763,固定配置,https://huggingface.co/moonshotai/Kimi-K2-Instruct/resolve/fd1984e2b7a3350dbf7305fe73a4ede25c14de50/config.json,fd1984e2b7a3350dbf7305fe73a4ede25c14de50,
kimi-kimi-k2-instruct-0905,Kimi-K2-Instruct-0905,Kimi,逐层源码/权重证据 + 条件接口,61,1763,固定配置,https://huggingface.co/moonshotai/Kimi-K2-Instruct-0905/resolve/ac6c49f04883bd0a0598b790693a72061c676629/config.json,ac6c49f04883bd0a0598b790693a72061c676629,
kimi-kimi-k2-thinking,Kimi-K2-Thinking,Kimi,逐层源码/权重证据 + 条件接口,61,1763,固定配置,https://huggingface.co/moonshotai/Kimi-K2-Thinking/resolve/a51ccc050d73dab088bf7b0e2dd9b30ae85a4e55/config.json,a51ccc050d73dab088bf7b0e2dd9b30ae85a4e55,
kimi-kimi-k2.5,Kimi-K2.5,Kimi,逐层源码/权重证据 + 条件接口,88,2070,固定配置,https://huggingface.co/moonshotai/Kimi-K2.5/resolve/4d01dfe0332d63057c186e0b262165819efb6611/config.json,4d01dfe0332d63057c186e0b262165819efb6611,
kimi-kimi-k2.6,Kimi-K2.6,Kimi,逐层源码/权重证据 + 条件接口,88,2070,固定配置,https://huggingface.co/moonshotai/Kimi-K2.6/resolve/7eb5002f6aadc958aed6a9177b7ed26bb94011bb/config.json,7eb5002f6aadc958aed6a9177b7ed26bb94011bb,
kimi-kimi-k2.7-code,Kimi-K2.7-Code,Kimi,逐层源码/权重证据 + 条件接口,88,2070,固定配置,https://huggingface.co/moonshotai/Kimi-K2.7-Code/resolve/74797c9c62378b951a1f6fcf5c4631024e9b8bef/config.json,74797c9c62378b951a1f6fcf5c4631024e9b8bef,
kimi-kimi-k3,Kimi-K3,Kimi,逐层源码/权重证据 + 条件接口,120,3716,固定配置,https://huggingface.co/moonshotai/Kimi-K3/resolve/f831ab66814297da540d832a5235f8e904f29d06/config.json,f831ab66814297da540d832a5235f8e904f29d06,
kimi-kimi-linear-48b-a3b-base,Kimi-Linear-48B-A3B-Base,Kimi,逐层配置/数学推导；部分模块未知,27,383,固定配置,https://huggingface.co/moonshotai/Kimi-Linear-48B-A3B-Base/resolve/3b171c17bfc4ee348599b6781a2ca8715c21c8dc/config.json,3b171c17bfc4ee348599b6781a2ca8715c21c8dc,
kimi-kimi-linear-48b-a3b-instruct,Kimi-Linear-48B-A3B-Instruct,Kimi,逐层配置/数学推导；部分模块未知,27,383,固定配置,https://huggingface.co/moonshotai/Kimi-Linear-48B-A3B-Instruct/resolve/e1df551a447157d4658b573f9a695d57658590e9/config.json,e1df551a447157d4658b573f9a695d57658590e9,
kimi-kimi-vl-a3b-instruct,Kimi-VL-A3B-Instruct,Kimi,逐层配置/数学推导；部分模块未知,54,674,固定配置,https://huggingface.co/moonshotai/Kimi-VL-A3B-Instruct/resolve/398eede0903cd983a2bfa0cc634e9ac1d843f375/config.json,398eede0903cd983a2bfa0cc634e9ac1d843f375,
kimi-kimi-vl-a3b-thinking,Kimi-VL-A3B-Thinking,Kimi,逐层配置/数学推导；部分模块未知,54,674,固定配置,https://huggingface.co/moonshotai/Kimi-VL-A3B-Thinking/resolve/7d99e220af610d8624fcba22b2c076c7ed528f14/config.json,7d99e220af610d8624fcba22b2c076c7ed528f14,
kimi-kimi-vl-a3b-thinking-2506,Kimi-VL-A3B-Thinking-2506,Kimi,逐层配置/数学推导；部分模块未知,54,674,固定配置,https://huggingface.co/moonshotai/Kimi-VL-A3B-Thinking-2506/resolve/aa1730989e7558695b44ee493623e03bd325a994/config.json,aa1730989e7558695b44ee493623e03bd325a994,
openbmb-agentcpm-explore,AgentCPM-Explore,OpenBMB,逐层配置/数学推导；部分模块未知,36,469,固定配置,https://huggingface.co/openbmb/AgentCPM-Explore/resolve/f528bbb55317bd291387ba3347551dd3414e698e/config.json,f528bbb55317bd291387ba3347551dd3414e698e,
openbmb-agentcpm-gui,AgentCPM-GUI,OpenBMB,逐层配置/数学推导；部分模块未知,55,716,固定配置,https://huggingface.co/openbmb/AgentCPM-GUI/resolve/433b33feda9fed1e13b509cfd65d73f0a3fc4dff/config.json,433b33feda9fed1e13b509cfd65d73f0a3fc4dff,
openbmb-agentcpm-report,AgentCPM-Report,OpenBMB,逐层配置/数学推导；部分模块未知,32,417,固定配置,https://huggingface.co/openbmb/AgentCPM-Report/resolve/c6232d64a47ccfa0c4aed240d325cbc0fb9cbc62/config.json,c6232d64a47ccfa0c4aed240d325cbc0fb9cbc62,
openbmb-bitcpm4-0.5b,BitCPM4-0.5B,OpenBMB,逐层配置/数学推导；部分模块未知,24,313,固定配置,https://huggingface.co/openbmb/BitCPM4-0.5B/resolve/4d0e4a9e2257ceb39d99b85bb946083467e8476f/config.json,4d0e4a9e2257ceb39d99b85bb946083467e8476f,
openbmb-bitcpm4-1b,BitCPM4-1B,OpenBMB,逐层配置/数学推导；部分模块未知,52,677,固定配置,https://huggingface.co/openbmb/BitCPM4-1B/resolve/70d989c4972efa636e8a2211975515d188e000b0/config.json,70d989c4972efa636e8a2211975515d188e000b0,
openbmb-consjudge-llama,ConsJudge-llama,OpenBMB,逐层配置/数学推导；部分模块未知,32,417,固定配置,https://huggingface.co/sanwuge/ConsJudge-llama/resolve/547a344231cbfaee19984ad573ad274fffabf525/config.json,547a344231cbfaee19984ad573ad274fffabf525,
openbmb-consjudge-qwen,ConsJudge-qwen,OpenBMB,逐层配置/数学推导；部分模块未知,48,625,固定配置,https://huggingface.co/sanwuge/ConsJudge-qwen/resolve/c4d7d2fbca0b79800dde1002aadfa0d27e9de437/config.json,c4d7d2fbca0b79800dde1002aadfa0d27e9de437,
openbmb-cpm-ant-,CPM-Ant+,OpenBMB,资料缺口；未逐层分析,0,1,配置缺失,https://github.com/OpenBMB/CPM-Live,,未找到可直接关联的公开checkpoint配置，不能由底座推定该版本层数
openbmb-cpm-ant-10b,cpm-ant-10b,OpenBMB,逐层配置/数学推导；部分模块未知,48,625,固定配置,https://huggingface.co/openbmb/cpm-ant-10b/resolve/3b53c0f95f625de6ae676f9edf2cc65930f8b4b8/config.json,3b53c0f95f625de6ae676f9edf2cc65930f8b4b8,
openbmb-cpm-bee-10b,cpm-bee-10b,OpenBMB,逐层配置/数学推导；部分模块未知,48,625,固定配置,https://huggingface.co/openbmb/cpm-bee-10b/resolve/97ee8f5222c018700a4eb3778e2b873ef6821609/config.json,97ee8f5222c018700a4eb3778e2b873ef6821609,
openbmb-cpm-bee-1b,cpm-bee-1b,OpenBMB,逐层配置/数学推导；部分模块未知,48,625,固定配置,https://huggingface.co/openbmb/cpm-bee-1b/resolve/10369801ffa033b1da19044632dc4017a42fd06e/config.json,10369801ffa033b1da19044632dc4017a42fd06e,
openbmb-cpm-bee-2b,cpm-bee-2b,OpenBMB,逐层配置/数学推导；部分模块未知,48,625,固定配置,https://huggingface.co/openbmb/cpm-bee-2b/resolve/fe5bd724409d528c77851c869bd484edbae30118/config.json,fe5bd724409d528c77851c869bd484edbae30118,
openbmb-cpm-bee-5b,cpm-bee-5b,OpenBMB,逐层配置/数学推导；部分模块未知,48,625,固定配置,https://huggingface.co/openbmb/cpm-bee-5b/resolve/aec302a1eb74775bd9c9c9da37414aed7880f8a1/config.json,aec302a1eb74775bd9c9c9da37414aed7880f8a1,
openbmb-debater-2b,DEBATER-2B,OpenBMB,资料缺口；未逐层分析,0,1,配置缺失,https://huggingface.co/bigtailwolf/DEBATER-2B/resolve/fcacef4c2913b335b6ed015d768c58da8a14c267/config.json,fcacef4c2913b335b6ed015d768c58da8a14c267,HTTP Error 404: Not Found
openbmb-debater-4b,DEBATER-4B,OpenBMB,资料缺口；未逐层分析,0,1,配置缺失,https://huggingface.co/bigtailwolf/DEBATER-4B/resolve/938994a0b2d0065a2e3fd33af53886fcec8b2132/config.json,938994a0b2d0065a2e3fd33af53886fcec8b2132,HTTP Error 404: Not Found
openbmb-deepthinkvla,DeepThinkVLA,OpenBMB,资料缺口；未逐层分析,0,1,配置缺失,https://github.com/OpenBMB/DeepThinkVLA,,未找到可直接关联的公开checkpoint配置，不能由底座推定该版本层数
openbmb-eurus-70b-nca,Eurus-70b-nca,OpenBMB,逐层配置/数学推导；部分模块未知,80,1041,固定配置,https://huggingface.co/openbmb/Eurus-70b-nca/resolve/66eda400278a77520ee80adcf89643a5e52df6d6/config.json,66eda400278a77520ee80adcf89643a5e52df6d6,
openbmb-eurus-70b-sft,Eurus-70b-sft,OpenBMB,逐层配置/数学推导；部分模块未知,80,1041,固定配置,https://huggingface.co/openbmb/Eurus-70b-sft/resolve/0557982b57c428d68ba6dff3d91026c6f5ca99be/config.json,0557982b57c428d68ba6dff3d91026c6f5ca99be,
openbmb-eurus-7b-kto,Eurus-7b-kto,OpenBMB,逐层配置/数学推导；部分模块未知,32,417,固定配置,https://huggingface.co/openbmb/Eurus-7b-kto/resolve/c78e641e893595b9ac95fe1ba607e60252108dfb/config.json,c78e641e893595b9ac95fe1ba607e60252108dfb,
openbmb-eurus-7b-sft,Eurus-7b-sft,OpenBMB,逐层配置/数学推导；部分模块未知,32,417,固定配置,https://huggingface.co/openbmb/Eurus-7b-sft/resolve/5ad3d773784b5dcbe6b5b4921e531e072c5525b3/config.json,5ad3d773784b5dcbe6b5b4921e531e072c5525b3,
openbmb-eurus-rm-7b,Eurus-RM-7b,OpenBMB,逐层配置/数学推导；部分模块未知,32,417,固定配置,https://huggingface.co/openbmb/Eurus-RM-7b/resolve/94059186e6ab8988905144023a8762f8e9aaf51c/config.json,94059186e6ab8988905144023a8762f8e9aaf51c,
openbmb-eurux-8x22b-kto,Eurux-8x22b-kto,OpenBMB,逐层配置/数学推导；部分模块未知,56,841,固定配置,https://huggingface.co/openbmb/Eurux-8x22b-kto/resolve/c3f157cdf4aa26efcbaed8f5c9721dc43c905d30/config.json,c3f157cdf4aa26efcbaed8f5c9721dc43c905d30,
openbmb-eurux-8x22b-nca,Eurux-8x22b-nca,OpenBMB,逐层配置/数学推导；部分模块未知,56,841,固定配置,https://huggingface.co/openbmb/Eurux-8x22b-nca/resolve/712abe8b36af51be006da624f4997203a0beb477/config.json,712abe8b36af51be006da624f4997203a0beb477,
openbmb-evisrag-3b,EVisRAG-3B,OpenBMB,逐层配置/数学推导；部分模块未知,68,885,固定配置,https://huggingface.co/openbmb/EVisRAG-3B/resolve/4bdee6eb5021216b9e776b9c4bf6352a74ff7c64/config.json,4bdee6eb5021216b9e776b9c4bf6352a74ff7c64,
openbmb-evisrag-7b,EVisRAG-7B,OpenBMB,逐层配置/数学推导；部分模块未知,60,781,固定配置,https://huggingface.co/openbmb/EVisRAG-7B/resolve/a3a1f46475270a5b1faff944c8eccf4f145d389e/config.json,a3a1f46475270a5b1faff944c8eccf4f145d389e,
openbmb-mathform-8b,MathForm-8B,OpenBMB,逐层配置/数学推导；部分模块未知,36,469,固定配置,https://huggingface.co/openbmb/MathForm-8B/resolve/8f6d09e66bd5821d985a2150ba3f09ba42e028ba/config.json,8f6d09e66bd5821d985a2150ba3f09ba42e028ba,
openbmb-minicpm-1b-sft-bf16,MiniCPM-1B-sft-bf16,OpenBMB,逐层配置/数学推导；部分模块未知,52,677,固定配置,https://huggingface.co/openbmb/MiniCPM-1B-sft-bf16/resolve/85252935bfc9acb3ee93dcea4b793fb87a0b43e8/config.json,85252935bfc9acb3ee93dcea4b793fb87a0b43e8,
openbmb-minicpm-2b-128k,MiniCPM-2B-128k,OpenBMB,逐层配置/数学推导；部分模块未知,40,521,固定配置,https://huggingface.co/openbmb/MiniCPM-2B-128k/resolve/6011acb51acf3e8c0cb10c428d7064dc39431720/config.json,6011acb51acf3e8c0cb10c428d7064dc39431720,
openbmb-minicpm-2b-dpo-bf16,MiniCPM-2B-dpo-bf16,OpenBMB,逐层配置/数学推导；部分模块未知,40,521,固定配置,https://huggingface.co/openbmb/MiniCPM-2B-dpo-bf16/resolve/9d6de77274c9f364037bf8506b4a831d3520ae79/config.json,9d6de77274c9f364037bf8506b4a831d3520ae79,
openbmb-minicpm-2b-sft-bf16,MiniCPM-2B-sft-bf16,OpenBMB,逐层配置/数学推导；部分模块未知,40,521,固定配置,https://huggingface.co/openbmb/MiniCPM-2B-sft-bf16/resolve/4ec16344ac13e6ef5010aeecaa533369ac8eb53c/config.json,4ec16344ac13e6ef5010aeecaa533369ac8eb53c,
openbmb-minicpm-4.1-8b-marlin,MiniCPM-4.1-8B-Marlin,OpenBMB,逐层配置/数学推导；部分模块未知,32,417,固定配置,https://huggingface.co/openbmb/MiniCPM-4.1-8B-Marlin/resolve/bc89322c880e83a5f3384adea564a45bf93b478d/config.json,bc89322c880e83a5f3384adea564a45bf93b478d,
openbmb-minicpm-embedding,MiniCPM-Embedding,OpenBMB,逐层配置/数学推导；部分模块未知,40,521,固定配置,https://huggingface.co/openbmb/MiniCPM-Embedding/resolve/dc0f82b4466b254dddc25787bf7b1cbc28f755b0/config.json,dc0f82b4466b254dddc25787bf7b1cbc28f755b0,
openbmb-minicpm-llama3-v-2_5,MiniCPM-Llama3-V-2_5,OpenBMB,逐层配置/数学推导；部分模块未知,59,768,固定配置,https://huggingface.co/openbmb/MiniCPM-Llama3-V-2_5/resolve/fd7f352fac0e06d0d818b23f98e3ec8c64267a57/config.json,fd7f352fac0e06d0d818b23f98e3ec8c64267a57,
openbmb-minicpm-llama3-v-2_5-gguf,MiniCPM-Llama3-V-2_5-gguf,OpenBMB,资料缺口；未逐层分析,0,1,配置缺失,https://huggingface.co/openbmb/MiniCPM-Llama3-V-2_5-gguf/resolve/d090fbfffeef9f01dfb282b3cf2b1e3360dfd29a/config.json,d090fbfffeef9f01dfb282b3cf2b1e3360dfd29a,HTTP Error 404: Not Found
openbmb-minicpm-moe-8x2b,MiniCPM-MoE-8x2B,OpenBMB,逐层配置/数学推导；部分模块未知,40,601,固定配置,https://huggingface.co/openbmb/MiniCPM-MoE-8x2B/resolve/7495286593bc56a524a42e26eeaee5e185cb7f9c/config.json,7495286593bc56a524a42e26eeaee5e185cb7f9c,
openbmb-minicpm-o-2_6,MiniCPM-o-2_6,OpenBMB,逐层配置/数学推导；部分模块未知,79,1029,固定配置,https://huggingface.co/openbmb/MiniCPM-o-2_6/resolve/06849bfd36da94da1f5a88fa17e8ba63f08a4c4d/config.json,06849bfd36da94da1f5a88fa17e8ba63f08a4c4d,
openbmb-minicpm-o-2_6-int4,MiniCPM-o-2_6-int4,OpenBMB,逐层配置/数学推导；部分模块未知,79,1029,固定配置,https://huggingface.co/openbmb/MiniCPM-o-2_6-int4/resolve/2b72b5775e2c4dd617bcfd088a146cfbd698ce71/config.json,2b72b5775e2c4dd617bcfd088a146cfbd698ce71,
openbmb-minicpm-o-4.5-ascend-flagos,MiniCPM-o-4.5-ascend-FlagOS,OpenBMB,逐层配置/数学推导；部分模块未知,107,1393,固定配置,https://huggingface.co/FlagRelease/MiniCPM-o-4.5-ascend-FlagOS/resolve/60f1ded7a096349f5a44d36ad2f04068b457df24/config.json,60f1ded7a096349f5a44d36ad2f04068b457df24,
openbmb-minicpm-o-4.5-hygon-flagos,MiniCPM-o-4.5-hygon-FlagOS,OpenBMB,逐层配置/数学推导；部分模块未知,107,1393,固定配置,https://huggingface.co/FlagRelease/MiniCPM-o-4.5-hygon-FlagOS/resolve/a316655a110bfc6eeb03979d423c3927da2294d0/config.json,a316655a110bfc6eeb03979d423c3927da2294d0,
openbmb-minicpm-o-4.5-iluvatar-flagos,MiniCPM-o-4.5-iluvatar-FlagOS,OpenBMB,逐层配置/数学推导；部分模块未知,107,1393,固定配置,https://huggingface.co/FlagRelease/MiniCPM-o-4.5-iluvatar-FlagOS/resolve/947384ac0f72866735195abbd4ae5aeb59badcf4/config.json,947384ac0f72866735195abbd4ae5aeb59badcf4,
openbmb-minicpm-o-4.5-metax-flagos,MiniCPM-o-4.5-metax-FlagOS,OpenBMB,逐层配置/数学推导；部分模块未知,107,1393,固定配置,https://huggingface.co/FlagRelease/MiniCPM-o-4.5-metax-FlagOS/resolve/ad47fc00d87baa857008f8da5e0cbf37a913dafb/config.json,ad47fc00d87baa857008f8da5e0cbf37a913dafb,
openbmb-minicpm-o-4.5-nvidia-flagos,MiniCPM-o-4.5-nvidia-FlagOS,OpenBMB,逐层配置/数学推导；部分模块未知,107,1393,固定配置,https://huggingface.co/FlagRelease/MiniCPM-o-4.5-nvidia-FlagOS/resolve/675118b6892a5f7ebe78bad174430754c4b78e04/config.json,675118b6892a5f7ebe78bad174430754c4b78e04,
openbmb-minicpm-o-4.5-zhenwu-flagos,MiniCPM-o-4.5-zhenwu-FlagOS,OpenBMB,逐层配置/数学推导；部分模块未知,107,1393,固定配置,https://huggingface.co/FlagRelease/MiniCPM-o-4.5-zhenwu-FlagOS/resolve/a05b8da0d6d335d0b28fcc3a5d28bda4b4574424/config.json,a05b8da0d6d335d0b28fcc3a5d28bda4b4574424,
openbmb-minicpm-o-4_5,MiniCPM-o-4_5,OpenBMB,逐层配置/数学推导；部分模块未知,107,1393,固定配置,https://huggingface.co/openbmb/MiniCPM-o-4_5/resolve/503e754207c94da6bb26850b4469f367c9ea3582/config.json,503e754207c94da6bb26850b4469f367c9ea3582,
openbmb-minicpm-o-4_5-awq,MiniCPM-o-4_5-AWQ,OpenBMB,逐层配置/数学推导；部分模块未知,107,1393,固定配置,https://huggingface.co/openbmb/MiniCPM-o-4_5-AWQ/resolve/02b87bcf31b1e3bc66094a8f8eba2034605e5073/config.json,02b87bcf31b1e3bc66094a8f8eba2034605e5073,
openbmb-minicpm-o-4_5-gguf,MiniCPM-o-4_5-gguf,OpenBMB,资料缺口；未逐层分析,0,1,配置缺失,https://huggingface.co/openbmb/MiniCPM-o-4_5-gguf/resolve/db25077c33951fe163b42986fba0132e279872a2/config.json,db25077c33951fe163b42986fba0132e279872a2,HTTP Error 404: Not Found
openbmb-minicpm-reranker,MiniCPM-Reranker,OpenBMB,逐层配置/数学推导；部分模块未知,40,521,固定配置,https://huggingface.co/openbmb/MiniCPM-Reranker/resolve/dacfa5bfaa37de25dbfd6e80383bcb14863068c7/config.json,dacfa5bfaa37de25dbfd6e80383bcb14863068c7,
openbmb-minicpm-robotmanip,MiniCPM-RobotManip,OpenBMB,逐层配置/数学推导；部分模块未知,52,652,固定配置,https://huggingface.co/openbmb/MiniCPM-RobotManip/resolve/29cb257541e9f96f493abe21174f8892e5dffe3f/config.json,29cb257541e9f96f493abe21174f8892e5dffe3f,
openbmb-minicpm-robottrack,MiniCPM-RobotTrack,OpenBMB,逐层配置/数学推导；部分模块未知,24,313,固定配置,https://huggingface.co/openbmb/MiniCPM-RobotTrack/resolve/80d32d0b091c3b340a1e4a6c78d441e8af19590e/config.json,80d32d0b091c3b340a1e4a6c78d441e8af19590e,
openbmb-minicpm-s-1b-sft,MiniCPM-S-1B-sft,OpenBMB,逐层配置/数学推导；部分模块未知,52,677,固定配置,https://huggingface.co/openbmb/MiniCPM-S-1B-sft/resolve/e46afa6f3d196527ab75e869184e27c833e8effb/config.json,e46afa6f3d196527ab75e869184e27c833e8effb,
openbmb-minicpm-sala,MiniCPM-SALA,OpenBMB,逐层配置/数学推导；部分模块未知,32,297,固定配置,https://huggingface.co/openbmb/MiniCPM-SALA/resolve/9180fe1db74f71fb81bc7105efe88f6b19c959b0/config.json,9180fe1db74f71fb81bc7105efe88f6b19c959b0,
openbmb-minicpm-v,MiniCPM-V,OpenBMB,逐层配置/数学推导；部分模块未知,40,521,固定配置,https://huggingface.co/openbmb/MiniCPM-V/resolve/7cf70e2964c456f423666e2c183bcd4c87f4fd4b/config.json,7cf70e2964c456f423666e2c183bcd4c87f4fd4b,
openbmb-minicpm-v-2,MiniCPM-V-2,OpenBMB,逐层配置/数学推导；部分模块未知,40,521,固定配置,https://huggingface.co/openbmb/MiniCPM-V-2/resolve/b9a02dbfcc87e471b13f8d1c6963747db31427db/config.json,b9a02dbfcc87e471b13f8d1c6963747db31427db,
openbmb-minicpm-v-2_6,MiniCPM-V-2_6,OpenBMB,资料缺口；未逐层分析,0,1,配置缺失,https://huggingface.co/openbmb/MiniCPM-V-2_6/resolve/6c04d9e3022bcff6e6738dfb1fc19a5cfd2a855f/config.json,6c04d9e3022bcff6e6738dfb1fc19a5cfd2a855f,HTTP Error 401: Unauthorized
openbmb-minicpm-v-2_6-gguf,MiniCPM-V-2_6-gguf,OpenBMB,资料缺口；未逐层分析,0,1,配置缺失,https://huggingface.co/openbmb/MiniCPM-V-2_6-gguf/resolve/48fe6436abf57b3df6ec34f73cdc1fb4b740acb0/config.json,48fe6436abf57b3df6ec34f73cdc1fb4b740acb0,HTTP Error 404: Not Found
openbmb-minicpm-v-4,MiniCPM-V-4,OpenBMB,逐层配置/数学推导；部分模块未知,59,768,固定配置,https://huggingface.co/openbmb/MiniCPM-V-4/resolve/6f69a8235885be89608f3a71ffd40695b379e1e7/config.json,6f69a8235885be89608f3a71ffd40695b379e1e7,
openbmb-minicpm-v-4.6,MiniCPM-V-4.6,OpenBMB,逐层配置/数学推导；部分模块未知,52,652,固定配置,https://huggingface.co/openbmb/MiniCPM-V-4.6/resolve/36f34a661a4bd35d0dc2294cb044d2584646c7d3/config.json,36f34a661a4bd35d0dc2294cb044d2584646c7d3,
openbmb-minicpm-v-4.6-awq,MiniCPM-V-4.6-AWQ,OpenBMB,逐层配置/数学推导；部分模块未知,52,652,固定配置,https://huggingface.co/openbmb/MiniCPM-V-4.6-AWQ/resolve/dc74581a19b97137efe87eb2100554cb65bf98c6/config.json,dc74581a19b97137efe87eb2100554cb65bf98c6,
openbmb-minicpm-v-4.6-bnb,MiniCPM-V-4.6-BNB,OpenBMB,逐层配置/数学推导；部分模块未知,52,652,固定配置,https://huggingface.co/openbmb/MiniCPM-V-4.6-BNB/resolve/45686b6d347a3976e63911b1f168f4e420b9c992/config.json,45686b6d347a3976e63911b1f168f4e420b9c992,
openbmb-minicpm-v-4.6-gguf,MiniCPM-V-4.6-gguf,OpenBMB,资料缺口；未逐层分析,0,1,配置缺失,https://huggingface.co/openbmb/MiniCPM-V-4.6-gguf/resolve/afe9accb78d2995d214cd912920c9c92f4015faa/config.json,afe9accb78d2995d214cd912920c9c92f4015faa,HTTP Error 404: Not Found
openbmb-minicpm-v-4.6-gptq,MiniCPM-V-4.6-GPTQ,OpenBMB,逐层配置/数学推导；部分模块未知,52,652,固定配置,https://huggingface.co/openbmb/MiniCPM-V-4.6-GPTQ/resolve/6c2a8a85939f622b2e9e9fe63b109cdfcda3174b/config.json,6c2a8a85939f622b2e9e9fe63b109cdfcda3174b,
openbmb-minicpm-v-4.6-thinking,MiniCPM-V-4.6-Thinking,OpenBMB,逐层配置/数学推导；部分模块未知,52,652,固定配置,https://huggingface.co/openbmb/MiniCPM-V-4.6-Thinking/resolve/93d8f4b60ad5d1f763442cf4c19f2a71fa95af4a/config.json,93d8f4b60ad5d1f763442cf4c19f2a71fa95af4a,
openbmb-minicpm-v-4.6-thinking-awq,MiniCPM-V-4.6-Thinking-AWQ,OpenBMB,逐层配置/数学推导；部分模块未知,52,652,固定配置,https://huggingface.co/openbmb/MiniCPM-V-4.6-Thinking-AWQ/resolve/a834719ab52513b2807a326d9f22caf60020ba14/config.json,a834719ab52513b2807a326d9f22caf60020ba14,
openbmb-minicpm-v-4.6-thinking-bnb,MiniCPM-V-4.6-Thinking-BNB,OpenBMB,逐层配置/数学推导；部分模块未知,52,652,固定配置,https://huggingface.co/openbmb/MiniCPM-V-4.6-Thinking-BNB/resolve/cac569d6b60a18bd581f6d42a3ca0b1f77c49ac1/config.json,cac569d6b60a18bd581f6d42a3ca0b1f77c49ac1,
openbmb-minicpm-v-4.6-thinking-gguf,MiniCPM-V-4.6-Thinking-gguf,OpenBMB,资料缺口；未逐层分析,0,1,配置缺失,https://huggingface.co/openbmb/MiniCPM-V-4.6-Thinking-gguf/resolve/2e49fbd34ad9df11f0e93c93c2c5a80ba7cdc5e5/config.json,2e49fbd34ad9df11f0e93c93c2c5a80ba7cdc5e5,HTTP Error 404: Not Found
openbmb-minicpm-v-4.6-thinking-gptq,MiniCPM-V-4.6-Thinking-GPTQ,OpenBMB,逐层配置/数学推导；部分模块未知,52,652,固定配置,https://huggingface.co/openbmb/MiniCPM-V-4.6-Thinking-GPTQ/resolve/f630c82da4f09f62549da0240178ed9e61414be1/config.json,f630c82da4f09f62549da0240178ed9e61414be1,
openbmb-minicpm-v-4_5,MiniCPM-V-4_5,OpenBMB,逐层配置/数学推导；部分模块未知,63,820,固定配置,https://huggingface.co/openbmb/MiniCPM-V-4_5/resolve/daef484c35ec93210ec93c5e901f8f3e9b78ee34/config.json,daef484c35ec93210ec93c5e901f8f3e9b78ee34,
openbmb-minicpm3-4b,MiniCPM3-4B,OpenBMB,逐层配置/数学推导；部分模块未知,62,683,固定配置,https://huggingface.co/openbmb/MiniCPM3-4B/resolve/d6b14ddaefdb11c624dd75c3c779549bc90b08cb/config.json,d6b14ddaefdb11c624dd75c3c779549bc90b08cb,
openbmb-minicpm3-rag-lora,MiniCPM3-RAG-LoRA,OpenBMB,逐层配置/数学推导；部分模块未知,62,683,固定配置,https://huggingface.co/openbmb/MiniCPM3-RAG-LoRA/resolve/3ee34a2c7b518f2d9be23d7138a7d29300b240f8/config.json,3ee34a2c7b518f2d9be23d7138a7d29300b240f8,
openbmb-minicpm4-0.5b,MiniCPM4-0.5B,OpenBMB,逐层配置/数学推导；部分模块未知,24,313,固定配置,https://huggingface.co/openbmb/MiniCPM4-0.5B/resolve/5253c7fcc5e29e1cf3eacb59a58adf1ba4df8630/config.json,5253c7fcc5e29e1cf3eacb59a58adf1ba4df8630,
openbmb-minicpm4-0.5b-qat-int4-gptq-format,MiniCPM4-0.5B-QAT-Int4-GPTQ-format,OpenBMB,逐层配置/数学推导；部分模块未知,24,313,固定配置,https://huggingface.co/openbmb/MiniCPM4-0.5B-QAT-Int4-GPTQ-format/resolve/0ef558cbe6ab9fd283667775a88784221b46c54f/config.json,0ef558cbe6ab9fd283667775a88784221b46c54f,
openbmb-minicpm4-0.5b-qat-int4-unquantized,MiniCPM4-0.5B-QAT-Int4-unquantized,OpenBMB,逐层配置/数学推导；部分模块未知,24,313,固定配置,https://huggingface.co/openbmb/MiniCPM4-0.5B-QAT-Int4-unquantized/resolve/1f3f7174511b956f674bced41064a3b1b792e9cc/config.json,1f3f7174511b956f674bced41064a3b1b792e9cc,
openbmb-minicpm4-8b,MiniCPM4-8B,OpenBMB,逐层配置/数学推导；部分模块未知,32,417,固定配置,https://huggingface.co/openbmb/MiniCPM4-8B/resolve/bb2ae14cf59d4ca769c4e42ece54cc3b82a58ef7/config.json,bb2ae14cf59d4ca769c4e42ece54cc3b82a58ef7,
openbmb-minicpm4-8b-eagle-frspec,MiniCPM4-8B-Eagle-FRSpec,OpenBMB,逐层配置/数学推导；部分模块未知,1,14,固定配置,https://huggingface.co/openbmb/MiniCPM4-8B-Eagle-FRSpec/resolve/1182e40bed9b634529181ac6f19cd225757480f3/config.json,1182e40bed9b634529181ac6f19cd225757480f3,
openbmb-minicpm4-8b-eagle-frspec-qat,MiniCPM4-8B-Eagle-FRSpec-QAT,OpenBMB,逐层配置/数学推导；部分模块未知,1,14,固定配置,https://huggingface.co/openbmb/MiniCPM4-8B-Eagle-FRSpec-QAT/resolve/259b5380f7900676b232d5dad57fe7c78c888c96/config.json,259b5380f7900676b232d5dad57fe7c78c888c96,
openbmb-minicpm4-8b-eagle-vllm,MiniCPM4-8B-Eagle-vLLM,OpenBMB,逐层配置/数学推导；部分模块未知,1,14,固定配置,https://huggingface.co/openbmb/MiniCPM4-8B-Eagle-vLLM/resolve/25c4c5557d8e29190df542465e2322a4243c9215/config.json,25c4c5557d8e29190df542465e2322a4243c9215,
openbmb-minicpm4-8b-marlin-eagle-vllm,MiniCPM4-8B-marlin-Eagle-vLLM,OpenBMB,逐层配置/数学推导；部分模块未知,1,14,固定配置,https://huggingface.co/openbmb/MiniCPM4-8B-marlin-Eagle-vLLM/resolve/1fba9a86b2ab90e23e526bf9947781dd22b81838/config.json,1fba9a86b2ab90e23e526bf9947781dd22b81838,
openbmb-minicpm4-mcp,MiniCPM4-MCP,OpenBMB,逐层配置/数学推导；部分模块未知,32,417,固定配置,https://huggingface.co/openbmb/MiniCPM4-MCP/resolve/a86a48b5b6af17ef98b7234a3a0edd1ebbe6e63e/config.json,a86a48b5b6af17ef98b7234a3a0edd1ebbe6e63e,
openbmb-minicpm4-survey,MiniCPM4-Survey,OpenBMB,逐层配置/数学推导；部分模块未知,32,417,固定配置,https://huggingface.co/openbmb/MiniCPM4-Survey/resolve/adfe3fbbc702feedc24f98d6fa9417549193c8f4/config.json,adfe3fbbc702feedc24f98d6fa9417549193c8f4,
openbmb-minicpm4.1-8b,MiniCPM4.1-8B,OpenBMB,逐层配置/数学推导；部分模块未知,32,417,固定配置,https://huggingface.co/openbmb/MiniCPM4.1-8B/resolve/3a8dfed9c79a45e07dbff95bcd49d792343fa1a3/config.json,3a8dfed9c79a45e07dbff95bcd49d792343fa1a3,
openbmb-minicpm4.1-8b-autoawq,MiniCPM4.1-8B-AutoAWQ,OpenBMB,逐层配置/数学推导；部分模块未知,32,417,固定配置,https://huggingface.co/openbmb/MiniCPM4.1-8B-AutoAWQ/resolve/e199301c6d61e204686836ff6a49643b70c92648/config.json,e199301c6d61e204686836ff6a49643b70c92648,
openbmb-minicpm4.1-8b-eagle3,MiniCPM4.1-8B-Eagle3,OpenBMB,资料缺口；未逐层分析,0,1,配置缺失,https://huggingface.co/openbmb/MiniCPM4.1-8B-Eagle3/resolve/78689e7a50de89baab0c146f3b012267df70b5f2/config.json,78689e7a50de89baab0c146f3b012267df70b5f2,HTTP Error 404: Not Found
openbmb-minicpm4.1-8b-gguf,MiniCPM4.1-8B-GGUF,OpenBMB,资料缺口；未逐层分析,0,1,配置缺失,https://huggingface.co/openbmb/MiniCPM4.1-8B-GGUF/resolve/ebb834d0ad9acfa98bd16bc963ec51be5f7e08c1/config.json,ebb834d0ad9acfa98bd16bc963ec51be5f7e08c1,HTTP Error 404: Not Found
openbmb-minicpm4.1-8b-gptq,MiniCPM4.1-8B-GPTQ,OpenBMB,逐层配置/数学推导；部分模块未知,32,417,固定配置,https://huggingface.co/openbmb/MiniCPM4.1-8B-GPTQ/resolve/36f81959ee46f444996a5c46ffab833d92c85c38/config.json,36f81959ee46f444996a5c46ffab833d92c85c38,
openbmb-minicpm4.1-8b-mlx,MiniCPM4.1-8B-MLX,OpenBMB,逐层配置/数学推导；部分模块未知,32,417,固定配置,https://huggingface.co/openbmb/MiniCPM4.1-8B-MLX/resolve/772a5c9a15156137cf8fac0b4a2609f809c91aab/config.json,772a5c9a15156137cf8fac0b4a2609f809c91aab,
openbmb-minicpm5-1b,MiniCPM5-1B,OpenBMB,逐层配置/数学推导；部分模块未知,24,313,固定配置,https://huggingface.co/openbmb/MiniCPM5-1B/resolve/87179e5c1f455ef22e6223592d2d61351b525bfc/config.json,87179e5c1f455ef22e6223592d2d61351b525bfc,
openbmb-minicpm5-1b-base,MiniCPM5-1B-Base,OpenBMB,逐层配置/数学推导；部分模块未知,24,313,固定配置,https://huggingface.co/openbmb/MiniCPM5-1B-Base/resolve/156170697656c48f69915b33a2fb44110242187c/config.json,156170697656c48f69915b33a2fb44110242187c,
openbmb-minicpm5-1b-gguf,MiniCPM5-1B-GGUF,OpenBMB,资料缺口；未逐层分析,0,1,配置缺失,https://huggingface.co/openbmb/MiniCPM5-1B-GGUF/resolve/3d55fac80935ae6456986ad2384b5cbcc4d6c948/config.json,3d55fac80935ae6456986ad2384b5cbcc4d6c948,HTTP Error 404: Not Found
openbmb-minicpm5-1b-mlx,MiniCPM5-1B-MLX,OpenBMB,逐层配置/数学推导；部分模块未知,24,313,固定配置,https://huggingface.co/openbmb/MiniCPM5-1B-MLX/resolve/9879b18bf2928355fcdf4287635388a3665a40cb/config.json,9879b18bf2928355fcdf4287635388a3665a40cb,
openbmb-minicpm5-1b-sft,MiniCPM5-1B-SFT,OpenBMB,逐层配置/数学推导；部分模块未知,24,313,固定配置,https://huggingface.co/openbmb/MiniCPM5-1B-SFT/resolve/a60b37f1fc409c54e1e337b0723aaac6f92dfec0/config.json,a60b37f1fc409c54e1e337b0723aaac6f92dfec0,
openbmb-minicpm5-2b,MiniCPM5-2B,OpenBMB,逐层配置/数学推导；部分模块未知,42,547,固定配置,https://huggingface.co/openbmb/MiniCPM5-2B/resolve/12a3808a956f869c767195e9266b59c4d21d92e2/config.json,12a3808a956f869c767195e9266b59c4d21d92e2,
openbmb-minicpm5-2b-armv9-flagos,MiniCPM5-2B-Armv9-FlagOS,OpenBMB,资料缺口；未逐层分析,0,1,配置缺失,https://huggingface.co/FlagRelease/MiniCPM5-2B-Armv9-FlagOS,,HTTP Error 401: Unauthorized
openbmb-minicpm5-2b-ascend-flagos,MiniCPM5-2B-ascend-FlagOS,OpenBMB,资料缺口；未逐层分析,0,1,配置缺失,https://huggingface.co/FlagRelease/MiniCPM5-2B-ascend-FlagOS,,HTTP Error 401: Unauthorized
openbmb-minicpm5-2b-base,MiniCPM5-2B-Base,OpenBMB,逐层配置/数学推导；部分模块未知,42,547,固定配置,https://huggingface.co/openbmb/MiniCPM5-2B-Base/resolve/96a57cd572a02506b4500f54427dca24970c1bac/config.json,96a57cd572a02506b4500f54427dca24970c1bac,
openbmb-minicpm5-2b-dspark,MiniCPM5-2B-DSpark,OpenBMB,逐层配置/数学推导；部分模块未知,5,66,固定配置,https://huggingface.co/openbmb/MiniCPM5-2B-DSpark/resolve/114a20fdbf53220712c7fbdd7dccddbf1dedebb4/config.json,114a20fdbf53220712c7fbdd7dccddbf1dedebb4,
openbmb-minicpm5-2b-gguf,MiniCPM5-2B-GGUF,OpenBMB,资料缺口；未逐层分析,0,1,配置缺失,https://huggingface.co/openbmb/MiniCPM5-2B-GGUF/resolve/2079a22f3beaa4e306449978533478fe0522f4b3/config.json,2079a22f3beaa4e306449978533478fe0522f4b3,HTTP Error 404: Not Found
openbmb-minicpm5-2b-gptq,MiniCPM5-2B-GPTQ,OpenBMB,逐层配置/数学推导；部分模块未知,42,547,固定配置,https://huggingface.co/openbmb/MiniCPM5-2B-GPTQ/resolve/48d57c14fba6b1f86109e1a54fafb0848c163f04/config.json,48d57c14fba6b1f86109e1a54fafb0848c163f04,
openbmb-minicpm5-2b-hygon-flagos,MiniCPM5-2B-hygon-FlagOS,OpenBMB,资料缺口；未逐层分析,0,1,配置缺失,https://huggingface.co/FlagRelease/MiniCPM5-2B-hygon-FlagOS,,HTTP Error 401: Unauthorized
openbmb-minicpm5-2b-iluvatar-flagos,MiniCPM5-2B-iluvatar-FlagOS,OpenBMB,资料缺口；未逐层分析,0,1,配置缺失,https://huggingface.co/FlagRelease/MiniCPM5-2B-iluvatar-FlagOS,,HTTP Error 401: Unauthorized
openbmb-minicpm5-2b-kunlunxin-flagos,MiniCPM5-2B-kunlunxin-FlagOS,OpenBMB,资料缺口；未逐层分析,0,1,配置缺失,https://huggingface.co/FlagRelease/MiniCPM5-2B-kunlunxin-FlagOS,,HTTP Error 401: Unauthorized
openbmb-minicpm5-2b-metax-flagos,MiniCPM5-2B-metax-FlagOS,OpenBMB,资料缺口；未逐层分析,0,1,配置缺失,https://huggingface.co/FlagRelease/MiniCPM5-2B-metax-FlagOS,,HTTP Error 401: Unauthorized
openbmb-minicpm5-2b-midtrain,MiniCPM5-2B-Midtrain,OpenBMB,逐层配置/数学推导；部分模块未知,42,547,固定配置,https://huggingface.co/openbmb/MiniCPM5-2B-Midtrain/resolve/0a45344e530534b7090df798421e57fc2d0e19f2/config.json,0a45344e530534b7090df798421e57fc2d0e19f2,
openbmb-minicpm5-2b-mlx,MiniCPM5-2B-MLX,OpenBMB,逐层配置/数学推导；部分模块未知,42,547,固定配置,https://huggingface.co/openbmb/MiniCPM5-2B-MLX/resolve/8a9ad7539ac86281d0ac2b017ba04a5de53fe9a3/config.json,8a9ad7539ac86281d0ac2b017ba04a5de53fe9a3,
openbmb-minicpm5-2b-mthreads-flagos,MiniCPM5-2B-mthreads-FlagOS,OpenBMB,资料缺口；未逐层分析,0,1,配置缺失,https://huggingface.co/FlagRelease/MiniCPM5-2B-mthreads-FlagOS,,HTTP Error 401: Unauthorized
openbmb-minicpm5-2b-nvidia-flagos,MiniCPM5-2B-nvidia-FlagOS,OpenBMB,资料缺口；未逐层分析,0,1,配置缺失,https://huggingface.co/FlagRelease/MiniCPM5-2B-nvidia-FlagOS,,HTTP Error 401: Unauthorized
openbmb-minicpm5-2b-sft,MiniCPM5-2B-SFT,OpenBMB,逐层配置/数学推导；部分模块未知,42,547,固定配置,https://huggingface.co/openbmb/MiniCPM5-2B-SFT/resolve/3e0690c57f6ac772180498467c82e56170cc00ac/config.json,3e0690c57f6ac772180498467c82e56170cc00ac,
openbmb-minicpm5-2b-zhenwu-flagos,MiniCPM5-2B-zhenwu-FlagOS,OpenBMB,资料缺口；未逐层分析,0,1,配置缺失,https://huggingface.co/FlagRelease/MiniCPM5-2B-zhenwu-FlagOS,,HTTP Error 401: Unauthorized
openbmb-mistral-interact,Mistral-Interact,OpenBMB,逐层配置/数学推导；部分模块未知,32,417,固定配置,https://huggingface.co/hbx/Mistral-Interact/resolve/05ded918625f3b611109b1c0a39db367f3d636d0/config.json,05ded918625f3b611109b1c0a39db367f3d636d0,
openbmb-more,MoRE,OpenBMB,逐层配置/数学推导；部分模块未知,28,365,固定配置,https://huggingface.co/hmhm1229/MoRE/resolve/d0f03d27bf80f2e1aeeffcf836627727da1bb9e8/config.json,d0f03d27bf80f2e1aeeffcf836627727da1bb9e8,
openbmb-more-3b,MoRE-3B,OpenBMB,逐层配置/数学推导；部分模块未知,36,469,固定配置,https://huggingface.co/hmhm1229/MoRE-3B/resolve/f443ecb05d33ec33c069b5e166eeb274dcf1ac8f/config.json,f443ecb05d33ec33c069b5e166eeb274dcf1ac8f,
openbmb-omnilmm-12b,OmniLMM-12B,OpenBMB,逐层配置/数学推导；部分模块未知,32,417,固定配置,https://huggingface.co/openbmb/OmniLMM-12B/resolve/d2e9c9d619a0b34f06f0b65d2eae9ed1af1124a9/config.json,d2e9c9d619a0b34f06f0b65d2eae9ed1af1124a9,
openbmb-parammute-7b,ParamMute-7B,OpenBMB,资料缺口；未逐层分析,0,1,配置缺失,https://huggingface.co/chengpingan/ParamMute-7B/resolve/ca985ae564acbad16e16672c1f338c1c93a7dd34/config.json,ca985ae564acbad16e16672c1f338c1c93a7dd34,HTTP Error 404: Not Found
openbmb-parammute-8b-kto,ParamMute-8B-KTO,OpenBMB,资料缺口；未逐层分析,0,1,配置缺失,https://huggingface.co/chengpingan/ParamMute-8B-KTO/resolve/cfa5c3df0301bb79bfd63cd91e89270cb47ab763/config.json,cfa5c3df0301bb79bfd63cd91e89270cb47ab763,HTTP Error 404: Not Found
openbmb-parammute-8b-sft,ParamMute-8B-SFT,OpenBMB,资料缺口；未逐层分析,0,1,配置缺失,https://huggingface.co/chengpingan/ParamMute-8B-SFT/resolve/601eb932448928894f45c853097e6822a6ea245b/config.json,601eb932448928894f45c853097e6822a6ea245b,HTTP Error 404: Not Found
openbmb-r1-router,R1-Router,OpenBMB,逐层配置/数学推导；部分模块未知,28,365,固定配置,https://huggingface.co/hmhm1229/R1-Router/resolve/d0f03d27bf80f2e1aeeffcf836627727da1bb9e8/config.json,d0f03d27bf80f2e1aeeffcf836627727da1bb9e8,
openbmb-rag-ddr,RAG-DDR,OpenBMB,资料缺口；未逐层分析,0,1,配置缺失,https://huggingface.co/OpenMatch/RAG-DDR/resolve/29f2334a2246f1c760ea7c41414205d844ad2f3b/config.json,29f2334a2246f1c760ea7c41414205d844ad2f3b,HTTP Error 404: Not Found
openbmb-scicore-mol,SciCore-Mol,OpenBMB,逐层配置/数学推导；部分模块未知,36,469,固定配置,https://huggingface.co/openbmb/SciCore-Mol/resolve/8283148519b42d0ad1b551ca0382e7480fbf0be4/config.json,8283148519b42d0ad1b551ca0382e7480fbf0be4,
openbmb-scicore-omics,SciCore-Omics,OpenBMB,逐层配置/数学推导；部分模块未知,67,788,固定配置,https://huggingface.co/openbmb/SciCore-Omics/resolve/41a88ec20b763d8ce95a48bb7104ce6d87e2d931/config.json,41a88ec20b763d8ce95a48bb7104ce6d87e2d931,
openbmb-shift,SHIFT,OpenBMB,资料缺口；未逐层分析,0,1,配置缺失,https://huggingface.co/ITcoder/SHIFT/resolve/a950253d82f5e00de463d366758aad140c6e7704/config.json,a950253d82f5e00de463d366758aad140c6e7704,HTTP Error 404: Not Found
openbmb-simplememvla_libero,simplememvla_libero,OpenBMB,逐层配置/数学推导；部分模块未知,73,807,固定配置,https://huggingface.co/yinchenghust/simplememvla_libero/resolve/82ec04c6c35987e38b68e57a7a08c11c72da5d47/config.json,82ec04c6c35987e38b68e57a7a08c11c72da5d47,
openbmb-simplememvla_mikasa,simplememvla_mikasa,OpenBMB,逐层配置/数学推导；部分模块未知,73,807,固定配置,https://huggingface.co/yinchenghust/simplememvla_mikasa/resolve/1317642e95cbd02c04ef7a308d586362fbcdc1ca/config.json,1317642e95cbd02c04ef7a308d586362fbcdc1ca,
openbmb-simplememvla_rmbench,simplememvla_rmbench,OpenBMB,逐层配置/数学推导；部分模块未知,73,807,固定配置,https://huggingface.co/yinchenghust/simplememvla_rmbench/resolve/171a70880e2afb2a7cc2327368129762d8f3b7f4/config.json,171a70880e2afb2a7cc2327368129762d8f3b7f4,
openbmb-simplememvla_robomemarena,simplememvla_robomemarena,OpenBMB,逐层配置/数学推导；部分模块未知,73,807,固定配置,https://huggingface.co/yinchenghust/simplememvla_robomemarena/resolve/88415d0bef07c9c3b81d075af2f733ed021f04f1/config.json,88415d0bef07c9c3b81d075af2f733ed021f04f1,
openbmb-simplememvla_robomme,simplememvla_robomme,OpenBMB,逐层配置/数学推导；部分模块未知,73,807,固定配置,https://huggingface.co/yinchenghust/simplememvla_robomme/resolve/6bf7204311496b93f12889cad0eaf3fcbddc35e4/config.json,6bf7204311496b93f12889cad0eaf3fcbddc35e4,
openbmb-simplenav,SimpleNav,OpenBMB,资料缺口；未逐层分析,0,1,配置缺失,https://github.com/OpenBMB/SimpleNav,,未找到可直接关联的公开checkpoint配置，不能由底座推定该版本层数
openbmb-table-retriever,table-retriever,OpenBMB,资料缺口；未逐层分析,0,1,配置缺失,https://huggingface.co/hmhm1229/table-retriever/resolve/f4c5351e64d36d0a0c34d25a040268be8b76b4eb/config.json,f4c5351e64d36d0a0c34d25a040268be8b76b4eb,HTTP Error 404: Not Found
openbmb-toolbench_ir_bert_based_uncased,ToolBench_IR_bert_based_uncased,OpenBMB,逐层配置/数学推导；部分模块未知,12,157,固定配置,https://huggingface.co/ToolBench/ToolBench_IR_bert_based_uncased/resolve/cf4a904c33cde549643aa6d9091146e68ed4932f/config.json,cf4a904c33cde549643aa6d9091146e68ed4932f,
openbmb-toolllama-2-7b-v1,ToolLLaMA-2-7b-v1,OpenBMB,逐层配置/数学推导；部分模块未知,32,417,固定配置,https://huggingface.co/ToolBench/ToolLLaMA-2-7b-v1/resolve/ec65fc08a4963e9d181088a4271b62d55b245b77/config.json,ec65fc08a4963e9d181088a4271b62d55b245b77,
openbmb-toolllama-2-7b-v2,ToolLLaMA-2-7b-v2,OpenBMB,逐层配置/数学推导；部分模块未知,32,417,固定配置,https://huggingface.co/ToolBench/ToolLLaMA-2-7b-v2/resolve/f66993d6c40a644a7d7885d4c029943861e06113/config.json,f66993d6c40a644a7d7885d4c029943861e06113,
openbmb-toolllama-7b-lora-v1,ToolLLaMA-7b-LoRA-v1,OpenBMB,资料缺口；未逐层分析,0,1,配置缺失,https://huggingface.co/ToolBench/ToolLLaMA-7b-LoRA-v1/resolve/67f2e8af850049a86fb9ee8ef581deb0f51e58e6/config.json,67f2e8af850049a86fb9ee8ef581deb0f51e58e6,HTTP Error 404: Not Found
openbmb-toolllama-7b-v1,ToolLLaMA-7b-v1,OpenBMB,逐层配置/数学推导；部分模块未知,32,417,固定配置,https://huggingface.co/ToolBench/ToolLLaMA-7b-v1/resolve/f02e75dac646aef351da9372cfd854aa89190968/config.json,f02e75dac646aef351da9372cfd854aa89190968,
openbmb-viscpm-chat,VisCPM-Chat,OpenBMB,逐层配置/数学推导；部分模块未知,48,625,固定配置,https://huggingface.co/openbmb/VisCPM-Chat/resolve/77dd5c87d6092fd6733273e7fa52f8c1d1707be9/config.json,77dd5c87d6092fd6733273e7fa52f8c1d1707be9,
openbmb-viscpm-paint,VisCPM-Paint,OpenBMB,逐层配置/数学推导；部分模块未知,48,625,固定配置,https://huggingface.co/openbmb/VisCPM-Paint/resolve/b8b90d525c87b9c03d9ed83dbc70ca3cc23954fc/config.json,b8b90d525c87b9c03d9ed83dbc70ca3cc23954fc,
openbmb-visrag-ret,VisRAG-Ret,OpenBMB,逐层配置/数学推导；部分模块未知,40,521,固定配置,https://huggingface.co/openbmb/VisRAG-Ret/resolve/95ef596df871b606167cb7e4b7215caf1bfdf761/config.json,95ef596df871b606167cb7e4b7215caf1bfdf761,
openbmb-voxcpm-0.5b,VoxCPM-0.5B,OpenBMB,逐层配置/数学推导；部分模块未知,38,397,固定配置,https://huggingface.co/openbmb/VoxCPM-0.5B/resolve/b2e656f7524303fdaf84591c75bbb87203d7c98d/config.json,b2e656f7524303fdaf84591c75bbb87203d7c98d,
openbmb-voxcpm1.5,VoxCPM1.5,OpenBMB,逐层配置/数学推导；部分模块未知,48,457,固定配置,https://huggingface.co/openbmb/VoxCPM1.5/resolve/8cdc403854cda0e3af12252d27da038fda5982ac/config.json,8cdc403854cda0e3af12252d27da038fda5982ac,
openbmb-voxcpm2,VoxCPM2,OpenBMB,逐层配置/数学推导；部分模块未知,60,557,固定配置,https://huggingface.co/openbmb/VoxCPM2/resolve/32279effe8c19989596f05d353d1447f51d9e915/config.json,32279effe8c19989596f05d353d1447f51d9e915,
openbmb-workflowllama,WorkflowLlama,OpenBMB,资料缺口；未逐层分析,0,1,配置缺失,https://github.com/OpenBMB/WorkflowLLM,,未找到可直接关联的公开checkpoint配置，不能由底座推定该版本层数
