"模块","算子列表","npu kernel","算子类型","inputshape","output shape","dim","shape范围","input dtype","output dtype","input format","output format","dtype next1","dtype next2","next3","并行资源占用情况","duration","计算利用率","mte","scalar","融合算子分析","证据状态","配置来源","权重证据","PyTorch参考或调用","NVIDIA条件路径","AMD条件路径","实现来源","运行条件与缺口","数学关系或推导"
"root/layer_0","input_normalization","未核验","norm","[B,S,2048]","[B,S,2048]","B,S,T；其他轴见模型参数","B[1,16];S_verify[1,8];L_KV独立未知；TP=1","config=bfloat16；激活/累加类型未核验","未核验","逻辑轴顺序；物理format未核验","逻辑轴顺序；物理format未核验","未评估候选","未评估候选","未评估候选","未核验","未实测","未实测","未实测","未实测","未核验","配置确认 + 数学推导；未核验完整调用链","https://huggingface.co/openbmb/MiniCPM5-2B-DSpark/resolve/114a20fdbf53220712c7fbdd7dccddbf1dedebb4/config.json","未核验","未核验","未核验","未核验","https://huggingface.co/openbmb/MiniCPM5-2B-DSpark/resolve/114a20fdbf53220712c7fbdd7dccddbf1dedebb4/config.json","文本decode/verify；B[1,16],S[1,8]；TP=1逻辑参考；","归一化类型/先后顺序待实现核验"
"root/layer_0","q_projection","未核验","GEMM","[B,S,2048]","[B,S,2048]","B,S,T；其他轴见模型参数","B[1,16];S_verify[1,8];L_KV独立未知；TP=1","config=bfloat16；激活/累加类型未核验","未核验","逻辑轴顺序；物理format未核验","逻辑轴顺序；物理format未核验","未评估候选","未评估候选","未评估候选","未核验","未实测","未实测","未实测","未实测","未核验","配置确认 + 数学推导；未核验完整调用链","https://huggingface.co/openbmb/MiniCPM5-2B-DSpark/resolve/114a20fdbf53220712c7fbdd7dccddbf1dedebb4/config.json","logical [2048,2048]","未核验","未核验","未核验","https://huggingface.co/openbmb/MiniCPM5-2B-DSpark/resolve/114a20fdbf53220712c7fbdd7dccddbf1dedebb4/config.json","文本decode/verify；B[1,16],S[1,8]；TP=1逻辑参考；独立逻辑矩阵，不断言实际融合与存储","Y=X@W^T; width=heads*head_dim"
"root/layer_0","k_projection","未核验","GEMM","[B,S,2048]","[B,S,256]","B,S,T；其他轴见模型参数","B[1,16];S_verify[1,8];L_KV独立未知；TP=1","config=bfloat16；激活/累加类型未核验","未核验","逻辑轴顺序；物理format未核验","逻辑轴顺序；物理format未核验","未评估候选","未评估候选","未评估候选","未核验","未实测","未实测","未实测","未实测","未核验","配置确认 + 数学推导；未核验完整调用链","https://huggingface.co/openbmb/MiniCPM5-2B-DSpark/resolve/114a20fdbf53220712c7fbdd7dccddbf1dedebb4/config.json","logical [256,2048]","未核验","未核验","未核验","https://huggingface.co/openbmb/MiniCPM5-2B-DSpark/resolve/114a20fdbf53220712c7fbdd7dccddbf1dedebb4/config.json","文本decode/verify；B[1,16],S[1,8]；TP=1逻辑参考；独立逻辑矩阵，不断言实际融合与存储","Y=X@W^T; width=heads*head_dim"
"root/layer_0","v_projection","未核验","GEMM","[B,S,2048]","[B,S,256]","B,S,T；其他轴见模型参数","B[1,16];S_verify[1,8];L_KV独立未知；TP=1","config=bfloat16；激活/累加类型未核验","未核验","逻辑轴顺序；物理format未核验","逻辑轴顺序；物理format未核验","未评估候选","未评估候选","未评估候选","未核验","未实测","未实测","未实测","未实测","未核验","配置确认 + 数学推导；未核验完整调用链","https://huggingface.co/openbmb/MiniCPM5-2B-DSpark/resolve/114a20fdbf53220712c7fbdd7dccddbf1dedebb4/config.json","logical [256,2048]","未核验","未核验","未核验","https://huggingface.co/openbmb/MiniCPM5-2B-DSpark/resolve/114a20fdbf53220712c7fbdd7dccddbf1dedebb4/config.json","文本decode/verify；B[1,16],S[1,8]；TP=1逻辑参考；独立逻辑矩阵，不断言实际融合与存储","Y=X@W^T; width=heads*head_dim"
"root/layer_0","position_and_cache","未核验","位置/缓存","Q,K,V projected; B,S","Q:[B,16,S,128]; K,V:[B,2,L_KV,128]","B,S,T；其他轴见模型参数","B[1,16];S_verify[1,8];L_KV独立未知；TP=1","config=bfloat16；激活/累加类型未核验","未核验","逻辑轴顺序；物理format未核验","逻辑轴顺序；物理format未核验","未评估候选","未评估候选","未评估候选","未核验","未实测","未实测","未实测","未实测","未核验","配置确认 + 数学推导；未核验完整调用链","https://huggingface.co/openbmb/MiniCPM5-2B-DSpark/resolve/114a20fdbf53220712c7fbdd7dccddbf1dedebb4/config.json","未核验","未核验","未核验","未核验","https://huggingface.co/openbmb/MiniCPM5-2B-DSpark/resolve/114a20fdbf53220712c7fbdd7dccddbf1dedebb4/config.json","文本decode/verify；B[1,16],S[1,8]；TP=1逻辑参考；","cache长度L_KV独立；位置编码类型与存储layout未核验"
"root/layer_0","attention","未核验","attention","Q:[B,16,S,128];K,V:[B,2,L_KV,128]","[B,16,S,128]","B,S,T；其他轴见模型参数","B[1,16];S_verify[1,8];L_KV独立未知；TP=1","config=bfloat16；激活/累加类型未核验","未核验","逻辑轴顺序；物理format未核验","逻辑轴顺序；物理format未核验","未评估候选","未评估候选","未评估候选","未核验","未实测","未实测","未实测","未实测","未核验","配置确认 + 数学推导；未核验完整调用链","https://huggingface.co/openbmb/MiniCPM5-2B-DSpark/resolve/114a20fdbf53220712c7fbdd7dccddbf1dedebb4/config.json","未核验","未核验","未核验","未核验","https://huggingface.co/openbmb/MiniCPM5-2B-DSpark/resolve/114a20fdbf53220712c7fbdd7dccddbf1dedebb4/config.json","文本decode/verify；B[1,16],S[1,8]；TP=1逻辑参考；稀疏选块/线性分支需按实现，不能据此声称稠密执行或峰值中间内存","softmax(QK^T / sqrt(head_dim) + mask)V（数学参考）"
"root/layer_0","output_projection","未核验","GEMM","[B,S,2048]","[B,S,2048]","B,S,T；其他轴见模型参数","B[1,16];S_verify[1,8];L_KV独立未知；TP=1","config=bfloat16；激活/累加类型未核验","未核验","逻辑轴顺序；物理format未核验","逻辑轴顺序；物理format未核验","未评估候选","未评估候选","未评估候选","未核验","未实测","未实测","未实测","未实测","未核验","配置确认 + 数学推导；未核验完整调用链","https://huggingface.co/openbmb/MiniCPM5-2B-DSpark/resolve/114a20fdbf53220712c7fbdd7dccddbf1dedebb4/config.json","logical [2048,2048]","未核验","未核验","未核验","https://huggingface.co/openbmb/MiniCPM5-2B-DSpark/resolve/114a20fdbf53220712c7fbdd7dccddbf1dedebb4/config.json","文本decode/verify；B[1,16],S[1,8]；TP=1逻辑参考；","Y=X@W^T"
"root/layer_0","attention_residual","未核验","elementwise","[B,S,2048];[B,S,2048]","[B,S,2048]","B,S,T；其他轴见模型参数","B[1,16];S_verify[1,8];L_KV独立未知；TP=1","config=bfloat16；激活/累加类型未核验","未核验","逻辑轴顺序；物理format未核验","逻辑轴顺序；物理format未核验","未评估候选","未评估候选","未评估候选","未核验","未实测","未实测","未实测","未实测","未核验","配置确认 + 数学推导；未核验完整调用链","https://huggingface.co/openbmb/MiniCPM5-2B-DSpark/resolve/114a20fdbf53220712c7fbdd7dccddbf1dedebb4/config.json","未核验","未核验","未核验","未核验","https://huggingface.co/openbmb/MiniCPM5-2B-DSpark/resolve/114a20fdbf53220712c7fbdd7dccddbf1dedebb4/config.json","文本decode/verify；B[1,16],S[1,8]；TP=1逻辑参考；","Y=X+branch（参考，实际残差策略未核验）"
"root/layer_0","post_attention_normalization","未核验","norm","[B,S,2048]","[B,S,2048]","B,S,T；其他轴见模型参数","B[1,16];S_verify[1,8];L_KV独立未知；TP=1","config=bfloat16；激活/累加类型未核验","未核验","逻辑轴顺序；物理format未核验","逻辑轴顺序；物理format未核验","未评估候选","未评估候选","未评估候选","未核验","未实测","未实测","未实测","未实测","未核验","配置确认 + 数学推导；未核验完整调用链","https://huggingface.co/openbmb/MiniCPM5-2B-DSpark/resolve/114a20fdbf53220712c7fbdd7dccddbf1dedebb4/config.json","未核验","未核验","未核验","未核验","https://huggingface.co/openbmb/MiniCPM5-2B-DSpark/resolve/114a20fdbf53220712c7fbdd7dccddbf1dedebb4/config.json","文本decode/verify；B[1,16],S[1,8]；TP=1逻辑参考；","类型与位置待源码核验"
"root/layer_0","FFN_up","未核验","GEMM","[B,S,2048]","[B,S,6144]","B,S,T；其他轴见模型参数","B[1,16];S_verify[1,8];L_KV独立未知；TP=1","config=bfloat16；激活/累加类型未核验","未核验","逻辑轴顺序；物理format未核验","逻辑轴顺序；物理format未核验","未评估候选","未评估候选","未评估候选","未核验","未实测","未实测","未实测","未实测","未核验","配置确认 + 数学推导；未核验完整调用链","https://huggingface.co/openbmb/MiniCPM5-2B-DSpark/resolve/114a20fdbf53220712c7fbdd7dccddbf1dedebb4/config.json","logical [6144,2048]","未核验","未核验","未核验","https://huggingface.co/openbmb/MiniCPM5-2B-DSpark/resolve/114a20fdbf53220712c7fbdd7dccddbf1dedebb4/config.json","文本decode/verify；B[1,16],S[1,8]；TP=1逻辑参考；","Y=X@W^T"
"root/layer_0","FFN_activation_and_optional_gate","未核验","activation","[B,S,6144]","[B,S,6144]","B,S,T；其他轴见模型参数","B[1,16];S_verify[1,8];L_KV独立未知；TP=1","config=bfloat16；激活/累加类型未核验","未核验","逻辑轴顺序；物理format未核验","逻辑轴顺序；物理format未核验","未评估候选","未评估候选","未评估候选","未核验","未实测","未实测","未实测","未实测","未核验","配置确认 + 数学推导；未核验完整调用链","https://huggingface.co/openbmb/MiniCPM5-2B-DSpark/resolve/114a20fdbf53220712c7fbdd7dccddbf1dedebb4/config.json","未核验","未核验","未核验","未核验","https://huggingface.co/openbmb/MiniCPM5-2B-DSpark/resolve/114a20fdbf53220712c7fbdd7dccddbf1dedebb4/config.json","文本decode/verify；B[1,16],S[1,8]；TP=1逻辑参考；是否额外gate矩阵与门控分支维度需要实现；不能仅由silu推定完整SwiGLU","config.hidden_act=silu"
"root/layer_0","FFN_down","未核验","GEMM","[B,S,6144]","[B,S,2048]","B,S,T；其他轴见模型参数","B[1,16];S_verify[1,8];L_KV独立未知；TP=1","config=bfloat16；激活/累加类型未核验","未核验","逻辑轴顺序；物理format未核验","逻辑轴顺序；物理format未核验","未评估候选","未评估候选","未评估候选","未核验","未实测","未实测","未实测","未实测","未核验","配置确认 + 数学推导；未核验完整调用链","https://huggingface.co/openbmb/MiniCPM5-2B-DSpark/resolve/114a20fdbf53220712c7fbdd7dccddbf1dedebb4/config.json","logical [2048,6144]","未核验","未核验","未核验","https://huggingface.co/openbmb/MiniCPM5-2B-DSpark/resolve/114a20fdbf53220712c7fbdd7dccddbf1dedebb4/config.json","文本decode/verify；B[1,16],S[1,8]；TP=1逻辑参考；","Y=X@W^T"
"root/layer_0","FFN_residual","未核验","elementwise","[B,S,2048];[B,S,2048]","[B,S,2048]","B,S,T；其他轴见模型参数","B[1,16];S_verify[1,8];L_KV独立未知；TP=1","config=bfloat16；激活/累加类型未核验","未核验","逻辑轴顺序；物理format未核验","逻辑轴顺序；物理format未核验","未评估候选","未评估候选","未评估候选","未核验","未实测","未实测","未实测","未实测","未核验","配置确认 + 数学推导；未核验完整调用链","https://huggingface.co/openbmb/MiniCPM5-2B-DSpark/resolve/114a20fdbf53220712c7fbdd7dccddbf1dedebb4/config.json","未核验","未核验","未核验","未核验","https://huggingface.co/openbmb/MiniCPM5-2B-DSpark/resolve/114a20fdbf53220712c7fbdd7dccddbf1dedebb4/config.json","文本decode/verify；B[1,16],S[1,8]；TP=1逻辑参考；","Y=X+branch（参考，实际残差策略未核验）"
"root/layer_1","input_normalization","未核验","norm","[B,S,2048]","[B,S,2048]","B,S,T；其他轴见模型参数","B[1,16];S_verify[1,8];L_KV独立未知；TP=1","config=bfloat16；激活/累加类型未核验","未核验","逻辑轴顺序；物理format未核验","逻辑轴顺序；物理format未核验","未评估候选","未评估候选","未评估候选","未核验","未实测","未实测","未实测","未实测","未核验","配置确认 + 数学推导；未核验完整调用链","https://huggingface.co/openbmb/MiniCPM5-2B-DSpark/resolve/114a20fdbf53220712c7fbdd7dccddbf1dedebb4/config.json","未核验","未核验","未核验","未核验","https://huggingface.co/openbmb/MiniCPM5-2B-DSpark/resolve/114a20fdbf53220712c7fbdd7dccddbf1dedebb4/config.json","文本decode/verify；B[1,16],S[1,8]；TP=1逻辑参考；","归一化类型/先后顺序待实现核验"
"root/layer_1","q_projection","未核验","GEMM","[B,S,2048]","[B,S,2048]","B,S,T；其他轴见模型参数","B[1,16];S_verify[1,8];L_KV独立未知；TP=1","config=bfloat16；激活/累加类型未核验","未核验","逻辑轴顺序；物理format未核验","逻辑轴顺序；物理format未核验","未评估候选","未评估候选","未评估候选","未核验","未实测","未实测","未实测","未实测","未核验","配置确认 + 数学推导；未核验完整调用链","https://huggingface.co/openbmb/MiniCPM5-2B-DSpark/resolve/114a20fdbf53220712c7fbdd7dccddbf1dedebb4/config.json","logical [2048,2048]","未核验","未核验","未核验","https://huggingface.co/openbmb/MiniCPM5-2B-DSpark/resolve/114a20fdbf53220712c7fbdd7dccddbf1dedebb4/config.json","文本decode/verify；B[1,16],S[1,8]；TP=1逻辑参考；独立逻辑矩阵，不断言实际融合与存储","Y=X@W^T; width=heads*head_dim"
"root/layer_1","k_projection","未核验","GEMM","[B,S,2048]","[B,S,256]","B,S,T；其他轴见模型参数","B[1,16];S_verify[1,8];L_KV独立未知；TP=1","config=bfloat16；激活/累加类型未核验","未核验","逻辑轴顺序；物理format未核验","逻辑轴顺序；物理format未核验","未评估候选","未评估候选","未评估候选","未核验","未实测","未实测","未实测","未实测","未核验","配置确认 + 数学推导；未核验完整调用链","https://huggingface.co/openbmb/MiniCPM5-2B-DSpark/resolve/114a20fdbf53220712c7fbdd7dccddbf1dedebb4/config.json","logical [256,2048]","未核验","未核验","未核验","https://huggingface.co/openbmb/MiniCPM5-2B-DSpark/resolve/114a20fdbf53220712c7fbdd7dccddbf1dedebb4/config.json","文本decode/verify；B[1,16],S[1,8]；TP=1逻辑参考；独立逻辑矩阵，不断言实际融合与存储","Y=X@W^T; width=heads*head_dim"
"root/layer_1","v_projection","未核验","GEMM","[B,S,2048]","[B,S,256]","B,S,T；其他轴见模型参数","B[1,16];S_verify[1,8];L_KV独立未知；TP=1","config=bfloat16；激活/累加类型未核验","未核验","逻辑轴顺序；物理format未核验","逻辑轴顺序；物理format未核验","未评估候选","未评估候选","未评估候选","未核验","未实测","未实测","未实测","未实测","未核验","配置确认 + 数学推导；未核验完整调用链","https://huggingface.co/openbmb/MiniCPM5-2B-DSpark/resolve/114a20fdbf53220712c7fbdd7dccddbf1dedebb4/config.json","logical [256,2048]","未核验","未核验","未核验","https://huggingface.co/openbmb/MiniCPM5-2B-DSpark/resolve/114a20fdbf53220712c7fbdd7dccddbf1dedebb4/config.json","文本decode/verify；B[1,16],S[1,8]；TP=1逻辑参考；独立逻辑矩阵，不断言实际融合与存储","Y=X@W^T; width=heads*head_dim"
"root/layer_1","position_and_cache","未核验","位置/缓存","Q,K,V projected; B,S","Q:[B,16,S,128]; K,V:[B,2,L_KV,128]","B,S,T；其他轴见模型参数","B[1,16];S_verify[1,8];L_KV独立未知；TP=1","config=bfloat16；激活/累加类型未核验","未核验","逻辑轴顺序；物理format未核验","逻辑轴顺序；物理format未核验","未评估候选","未评估候选","未评估候选","未核验","未实测","未实测","未实测","未实测","未核验","配置确认 + 数学推导；未核验完整调用链","https://huggingface.co/openbmb/MiniCPM5-2B-DSpark/resolve/114a20fdbf53220712c7fbdd7dccddbf1dedebb4/config.json","未核验","未核验","未核验","未核验","https://huggingface.co/openbmb/MiniCPM5-2B-DSpark/resolve/114a20fdbf53220712c7fbdd7dccddbf1dedebb4/config.json","文本decode/verify；B[1,16],S[1,8]；TP=1逻辑参考；","cache长度L_KV独立；位置编码类型与存储layout未核验"
"root/layer_1","attention","未核验","attention","Q:[B,16,S,128];K,V:[B,2,L_KV,128]","[B,16,S,128]","B,S,T；其他轴见模型参数","B[1,16];S_verify[1,8];L_KV独立未知；TP=1","config=bfloat16；激活/累加类型未核验","未核验","逻辑轴顺序；物理format未核验","逻辑轴顺序；物理format未核验","未评估候选","未评估候选","未评估候选","未核验","未实测","未实测","未实测","未实测","未核验","配置确认 + 数学推导；未核验完整调用链","https://huggingface.co/openbmb/MiniCPM5-2B-DSpark/resolve/114a20fdbf53220712c7fbdd7dccddbf1dedebb4/config.json","未核验","未核验","未核验","未核验","https://huggingface.co/openbmb/MiniCPM5-2B-DSpark/resolve/114a20fdbf53220712c7fbdd7dccddbf1dedebb4/config.json","文本decode/verify；B[1,16],S[1,8]；TP=1逻辑参考；稀疏选块/线性分支需按实现，不能据此声称稠密执行或峰值中间内存","softmax(QK^T / sqrt(head_dim) + mask)V（数学参考）"
"root/layer_1","output_projection","未核验","GEMM","[B,S,2048]","[B,S,2048]","B,S,T；其他轴见模型参数","B[1,16];S_verify[1,8];L_KV独立未知；TP=1","config=bfloat16；激活/累加类型未核验","未核验","逻辑轴顺序；物理format未核验","逻辑轴顺序；物理format未核验","未评估候选","未评估候选","未评估候选","未核验","未实测","未实测","未实测","未实测","未核验","配置确认 + 数学推导；未核验完整调用链","https://huggingface.co/openbmb/MiniCPM5-2B-DSpark/resolve/114a20fdbf53220712c7fbdd7dccddbf1dedebb4/config.json","logical [2048,2048]","未核验","未核验","未核验","https://huggingface.co/openbmb/MiniCPM5-2B-DSpark/resolve/114a20fdbf53220712c7fbdd7dccddbf1dedebb4/config.json","文本decode/verify；B[1,16],S[1,8]；TP=1逻辑参考；","Y=X@W^T"
"root/layer_1","attention_residual","未核验","elementwise","[B,S,2048];[B,S,2048]","[B,S,2048]","B,S,T；其他轴见模型参数","B[1,16];S_verify[1,8];L_KV独立未知；TP=1","config=bfloat16；激活/累加类型未核验","未核验","逻辑轴顺序；物理format未核验","逻辑轴顺序；物理format未核验","未评估候选","未评估候选","未评估候选","未核验","未实测","未实测","未实测","未实测","未核验","配置确认 + 数学推导；未核验完整调用链","https://huggingface.co/openbmb/MiniCPM5-2B-DSpark/resolve/114a20fdbf53220712c7fbdd7dccddbf1dedebb4/config.json","未核验","未核验","未核验","未核验","https://huggingface.co/openbmb/MiniCPM5-2B-DSpark/resolve/114a20fdbf53220712c7fbdd7dccddbf1dedebb4/config.json","文本decode/verify；B[1,16],S[1,8]；TP=1逻辑参考；","Y=X+branch（参考，实际残差策略未核验）"
"root/layer_1","post_attention_normalization","未核验","norm","[B,S,2048]","[B,S,2048]","B,S,T；其他轴见模型参数","B[1,16];S_verify[1,8];L_KV独立未知；TP=1","config=bfloat16；激活/累加类型未核验","未核验","逻辑轴顺序；物理format未核验","逻辑轴顺序；物理format未核验","未评估候选","未评估候选","未评估候选","未核验","未实测","未实测","未实测","未实测","未核验","配置确认 + 数学推导；未核验完整调用链","https://huggingface.co/openbmb/MiniCPM5-2B-DSpark/resolve/114a20fdbf53220712c7fbdd7dccddbf1dedebb4/config.json","未核验","未核验","未核验","未核验","https://huggingface.co/openbmb/MiniCPM5-2B-DSpark/resolve/114a20fdbf53220712c7fbdd7dccddbf1dedebb4/config.json","文本decode/verify；B[1,16],S[1,8]；TP=1逻辑参考；","类型与位置待源码核验"
"root/layer_1","FFN_up","未核验","GEMM","[B,S,2048]","[B,S,6144]","B,S,T；其他轴见模型参数","B[1,16];S_verify[1,8];L_KV独立未知；TP=1","config=bfloat16；激活/累加类型未核验","未核验","逻辑轴顺序；物理format未核验","逻辑轴顺序；物理format未核验","未评估候选","未评估候选","未评估候选","未核验","未实测","未实测","未实测","未实测","未核验","配置确认 + 数学推导；未核验完整调用链","https://huggingface.co/openbmb/MiniCPM5-2B-DSpark/resolve/114a20fdbf53220712c7fbdd7dccddbf1dedebb4/config.json","logical [6144,2048]","未核验","未核验","未核验","https://huggingface.co/openbmb/MiniCPM5-2B-DSpark/resolve/114a20fdbf53220712c7fbdd7dccddbf1dedebb4/config.json","文本decode/verify；B[1,16],S[1,8]；TP=1逻辑参考；","Y=X@W^T"
"root/layer_1","FFN_activation_and_optional_gate","未核验","activation","[B,S,6144]","[B,S,6144]","B,S,T；其他轴见模型参数","B[1,16];S_verify[1,8];L_KV独立未知；TP=1","config=bfloat16；激活/累加类型未核验","未核验","逻辑轴顺序；物理format未核验","逻辑轴顺序；物理format未核验","未评估候选","未评估候选","未评估候选","未核验","未实测","未实测","未实测","未实测","未核验","配置确认 + 数学推导；未核验完整调用链","https://huggingface.co/openbmb/MiniCPM5-2B-DSpark/resolve/114a20fdbf53220712c7fbdd7dccddbf1dedebb4/config.json","未核验","未核验","未核验","未核验","https://huggingface.co/openbmb/MiniCPM5-2B-DSpark/resolve/114a20fdbf53220712c7fbdd7dccddbf1dedebb4/config.json","文本decode/verify；B[1,16],S[1,8]；TP=1逻辑参考；是否额外gate矩阵与门控分支维度需要实现；不能仅由silu推定完整SwiGLU","config.hidden_act=silu"
"root/layer_1","FFN_down","未核验","GEMM","[B,S,6144]","[B,S,2048]","B,S,T；其他轴见模型参数","B[1,16];S_verify[1,8];L_KV独立未知；TP=1","config=bfloat16；激活/累加类型未核验","未核验","逻辑轴顺序；物理format未核验","逻辑轴顺序；物理format未核验","未评估候选","未评估候选","未评估候选","未核验","未实测","未实测","未实测","未实测","未核验","配置确认 + 数学推导；未核验完整调用链","https://huggingface.co/openbmb/MiniCPM5-2B-DSpark/resolve/114a20fdbf53220712c7fbdd7dccddbf1dedebb4/config.json","logical [2048,6144]","未核验","未核验","未核验","https://huggingface.co/openbmb/MiniCPM5-2B-DSpark/resolve/114a20fdbf53220712c7fbdd7dccddbf1dedebb4/config.json","文本decode/verify；B[1,16],S[1,8]；TP=1逻辑参考；","Y=X@W^T"
"root/layer_1","FFN_residual","未核验","elementwise","[B,S,2048];[B,S,2048]","[B,S,2048]","B,S,T；其他轴见模型参数","B[1,16];S_verify[1,8];L_KV独立未知；TP=1","config=bfloat16；激活/累加类型未核验","未核验","逻辑轴顺序；物理format未核验","逻辑轴顺序；物理format未核验","未评估候选","未评估候选","未评估候选","未核验","未实测","未实测","未实测","未实测","未核验","配置确认 + 数学推导；未核验完整调用链","https://huggingface.co/openbmb/MiniCPM5-2B-DSpark/resolve/114a20fdbf53220712c7fbdd7dccddbf1dedebb4/config.json","未核验","未核验","未核验","未核验","https://huggingface.co/openbmb/MiniCPM5-2B-DSpark/resolve/114a20fdbf53220712c7fbdd7dccddbf1dedebb4/config.json","文本decode/verify；B[1,16],S[1,8]；TP=1逻辑参考；","Y=X+branch（参考，实际残差策略未核验）"
"root/layer_2","input_normalization","未核验","norm","[B,S,2048]","[B,S,2048]","B,S,T；其他轴见模型参数","B[1,16];S_verify[1,8];L_KV独立未知；TP=1","config=bfloat16；激活/累加类型未核验","未核验","逻辑轴顺序；物理format未核验","逻辑轴顺序；物理format未核验","未评估候选","未评估候选","未评估候选","未核验","未实测","未实测","未实测","未实测","未核验","配置确认 + 数学推导；未核验完整调用链","https://huggingface.co/openbmb/MiniCPM5-2B-DSpark/resolve/114a20fdbf53220712c7fbdd7dccddbf1dedebb4/config.json","未核验","未核验","未核验","未核验","https://huggingface.co/openbmb/MiniCPM5-2B-DSpark/resolve/114a20fdbf53220712c7fbdd7dccddbf1dedebb4/config.json","文本decode/verify；B[1,16],S[1,8]；TP=1逻辑参考；","归一化类型/先后顺序待实现核验"
"root/layer_2","q_projection","未核验","GEMM","[B,S,2048]","[B,S,2048]","B,S,T；其他轴见模型参数","B[1,16];S_verify[1,8];L_KV独立未知；TP=1","config=bfloat16；激活/累加类型未核验","未核验","逻辑轴顺序；物理format未核验","逻辑轴顺序；物理format未核验","未评估候选","未评估候选","未评估候选","未核验","未实测","未实测","未实测","未实测","未核验","配置确认 + 数学推导；未核验完整调用链","https://huggingface.co/openbmb/MiniCPM5-2B-DSpark/resolve/114a20fdbf53220712c7fbdd7dccddbf1dedebb4/config.json","logical [2048,2048]","未核验","未核验","未核验","https://huggingface.co/openbmb/MiniCPM5-2B-DSpark/resolve/114a20fdbf53220712c7fbdd7dccddbf1dedebb4/config.json","文本decode/verify；B[1,16],S[1,8]；TP=1逻辑参考；独立逻辑矩阵，不断言实际融合与存储","Y=X@W^T; width=heads*head_dim"
"root/layer_2","k_projection","未核验","GEMM","[B,S,2048]","[B,S,256]","B,S,T；其他轴见模型参数","B[1,16];S_verify[1,8];L_KV独立未知；TP=1","config=bfloat16；激活/累加类型未核验","未核验","逻辑轴顺序；物理format未核验","逻辑轴顺序；物理format未核验","未评估候选","未评估候选","未评估候选","未核验","未实测","未实测","未实测","未实测","未核验","配置确认 + 数学推导；未核验完整调用链","https://huggingface.co/openbmb/MiniCPM5-2B-DSpark/resolve/114a20fdbf53220712c7fbdd7dccddbf1dedebb4/config.json","logical [256,2048]","未核验","未核验","未核验","https://huggingface.co/openbmb/MiniCPM5-2B-DSpark/resolve/114a20fdbf53220712c7fbdd7dccddbf1dedebb4/config.json","文本decode/verify；B[1,16],S[1,8]；TP=1逻辑参考；独立逻辑矩阵，不断言实际融合与存储","Y=X@W^T; width=heads*head_dim"
"root/layer_2","v_projection","未核验","GEMM","[B,S,2048]","[B,S,256]","B,S,T；其他轴见模型参数","B[1,16];S_verify[1,8];L_KV独立未知；TP=1","config=bfloat16；激活/累加类型未核验","未核验","逻辑轴顺序；物理format未核验","逻辑轴顺序；物理format未核验","未评估候选","未评估候选","未评估候选","未核验","未实测","未实测","未实测","未实测","未核验","配置确认 + 数学推导；未核验完整调用链","https://huggingface.co/openbmb/MiniCPM5-2B-DSpark/resolve/114a20fdbf53220712c7fbdd7dccddbf1dedebb4/config.json","logical [256,2048]","未核验","未核验","未核验","https://huggingface.co/openbmb/MiniCPM5-2B-DSpark/resolve/114a20fdbf53220712c7fbdd7dccddbf1dedebb4/config.json","文本decode/verify；B[1,16],S[1,8]；TP=1逻辑参考；独立逻辑矩阵，不断言实际融合与存储","Y=X@W^T; width=heads*head_dim"
"root/layer_2","position_and_cache","未核验","位置/缓存","Q,K,V projected; B,S","Q:[B,16,S,128]; K,V:[B,2,L_KV,128]","B,S,T；其他轴见模型参数","B[1,16];S_verify[1,8];L_KV独立未知；TP=1","config=bfloat16；激活/累加类型未核验","未核验","逻辑轴顺序；物理format未核验","逻辑轴顺序；物理format未核验","未评估候选","未评估候选","未评估候选","未核验","未实测","未实测","未实测","未实测","未核验","配置确认 + 数学推导；未核验完整调用链","https://huggingface.co/openbmb/MiniCPM5-2B-DSpark/resolve/114a20fdbf53220712c7fbdd7dccddbf1dedebb4/config.json","未核验","未核验","未核验","未核验","https://huggingface.co/openbmb/MiniCPM5-2B-DSpark/resolve/114a20fdbf53220712c7fbdd7dccddbf1dedebb4/config.json","文本decode/verify；B[1,16],S[1,8]；TP=1逻辑参考；","cache长度L_KV独立；位置编码类型与存储layout未核验"
"root/layer_2","attention","未核验","attention","Q:[B,16,S,128];K,V:[B,2,L_KV,128]","[B,16,S,128]","B,S,T；其他轴见模型参数","B[1,16];S_verify[1,8];L_KV独立未知；TP=1","config=bfloat16；激活/累加类型未核验","未核验","逻辑轴顺序；物理format未核验","逻辑轴顺序；物理format未核验","未评估候选","未评估候选","未评估候选","未核验","未实测","未实测","未实测","未实测","未核验","配置确认 + 数学推导；未核验完整调用链","https://huggingface.co/openbmb/MiniCPM5-2B-DSpark/resolve/114a20fdbf53220712c7fbdd7dccddbf1dedebb4/config.json","未核验","未核验","未核验","未核验","https://huggingface.co/openbmb/MiniCPM5-2B-DSpark/resolve/114a20fdbf53220712c7fbdd7dccddbf1dedebb4/config.json","文本decode/verify；B[1,16],S[1,8]；TP=1逻辑参考；稀疏选块/线性分支需按实现，不能据此声称稠密执行或峰值中间内存","softmax(QK^T / sqrt(head_dim) + mask)V（数学参考）"
"root/layer_2","output_projection","未核验","GEMM","[B,S,2048]","[B,S,2048]","B,S,T；其他轴见模型参数","B[1,16];S_verify[1,8];L_KV独立未知；TP=1","config=bfloat16；激活/累加类型未核验","未核验","逻辑轴顺序；物理format未核验","逻辑轴顺序；物理format未核验","未评估候选","未评估候选","未评估候选","未核验","未实测","未实测","未实测","未实测","未核验","配置确认 + 数学推导；未核验完整调用链","https://huggingface.co/openbmb/MiniCPM5-2B-DSpark/resolve/114a20fdbf53220712c7fbdd7dccddbf1dedebb4/config.json","logical [2048,2048]","未核验","未核验","未核验","https://huggingface.co/openbmb/MiniCPM5-2B-DSpark/resolve/114a20fdbf53220712c7fbdd7dccddbf1dedebb4/config.json","文本decode/verify；B[1,16],S[1,8]；TP=1逻辑参考；","Y=X@W^T"
"root/layer_2","attention_residual","未核验","elementwise","[B,S,2048];[B,S,2048]","[B,S,2048]","B,S,T；其他轴见模型参数","B[1,16];S_verify[1,8];L_KV独立未知；TP=1","config=bfloat16；激活/累加类型未核验","未核验","逻辑轴顺序；物理format未核验","逻辑轴顺序；物理format未核验","未评估候选","未评估候选","未评估候选","未核验","未实测","未实测","未实测","未实测","未核验","配置确认 + 数学推导；未核验完整调用链","https://huggingface.co/openbmb/MiniCPM5-2B-DSpark/resolve/114a20fdbf53220712c7fbdd7dccddbf1dedebb4/config.json","未核验","未核验","未核验","未核验","https://huggingface.co/openbmb/MiniCPM5-2B-DSpark/resolve/114a20fdbf53220712c7fbdd7dccddbf1dedebb4/config.json","文本decode/verify；B[1,16],S[1,8]；TP=1逻辑参考；","Y=X+branch（参考，实际残差策略未核验）"
"root/layer_2","post_attention_normalization","未核验","norm","[B,S,2048]","[B,S,2048]","B,S,T；其他轴见模型参数","B[1,16];S_verify[1,8];L_KV独立未知；TP=1","config=bfloat16；激活/累加类型未核验","未核验","逻辑轴顺序；物理format未核验","逻辑轴顺序；物理format未核验","未评估候选","未评估候选","未评估候选","未核验","未实测","未实测","未实测","未实测","未核验","配置确认 + 数学推导；未核验完整调用链","https://huggingface.co/openbmb/MiniCPM5-2B-DSpark/resolve/114a20fdbf53220712c7fbdd7dccddbf1dedebb4/config.json","未核验","未核验","未核验","未核验","https://huggingface.co/openbmb/MiniCPM5-2B-DSpark/resolve/114a20fdbf53220712c7fbdd7dccddbf1dedebb4/config.json","文本decode/verify；B[1,16],S[1,8]；TP=1逻辑参考；","类型与位置待源码核验"
"root/layer_2","FFN_up","未核验","GEMM","[B,S,2048]","[B,S,6144]","B,S,T；其他轴见模型参数","B[1,16];S_verify[1,8];L_KV独立未知；TP=1","config=bfloat16；激活/累加类型未核验","未核验","逻辑轴顺序；物理format未核验","逻辑轴顺序；物理format未核验","未评估候选","未评估候选","未评估候选","未核验","未实测","未实测","未实测","未实测","未核验","配置确认 + 数学推导；未核验完整调用链","https://huggingface.co/openbmb/MiniCPM5-2B-DSpark/resolve/114a20fdbf53220712c7fbdd7dccddbf1dedebb4/config.json","logical [6144,2048]","未核验","未核验","未核验","https://huggingface.co/openbmb/MiniCPM5-2B-DSpark/resolve/114a20fdbf53220712c7fbdd7dccddbf1dedebb4/config.json","文本decode/verify；B[1,16],S[1,8]；TP=1逻辑参考；","Y=X@W^T"
"root/layer_2","FFN_activation_and_optional_gate","未核验","activation","[B,S,6144]","[B,S,6144]","B,S,T；其他轴见模型参数","B[1,16];S_verify[1,8];L_KV独立未知；TP=1","config=bfloat16；激活/累加类型未核验","未核验","逻辑轴顺序；物理format未核验","逻辑轴顺序；物理format未核验","未评估候选","未评估候选","未评估候选","未核验","未实测","未实测","未实测","未实测","未核验","配置确认 + 数学推导；未核验完整调用链","https://huggingface.co/openbmb/MiniCPM5-2B-DSpark/resolve/114a20fdbf53220712c7fbdd7dccddbf1dedebb4/config.json","未核验","未核验","未核验","未核验","https://huggingface.co/openbmb/MiniCPM5-2B-DSpark/resolve/114a20fdbf53220712c7fbdd7dccddbf1dedebb4/config.json","文本decode/verify；B[1,16],S[1,8]；TP=1逻辑参考；是否额外gate矩阵与门控分支维度需要实现；不能仅由silu推定完整SwiGLU","config.hidden_act=silu"
"root/layer_2","FFN_down","未核验","GEMM","[B,S,6144]","[B,S,2048]","B,S,T；其他轴见模型参数","B[1,16];S_verify[1,8];L_KV独立未知；TP=1","config=bfloat16；激活/累加类型未核验","未核验","逻辑轴顺序；物理format未核验","逻辑轴顺序；物理format未核验","未评估候选","未评估候选","未评估候选","未核验","未实测","未实测","未实测","未实测","未核验","配置确认 + 数学推导；未核验完整调用链","https://huggingface.co/openbmb/MiniCPM5-2B-DSpark/resolve/114a20fdbf53220712c7fbdd7dccddbf1dedebb4/config.json","logical [2048,6144]","未核验","未核验","未核验","https://huggingface.co/openbmb/MiniCPM5-2B-DSpark/resolve/114a20fdbf53220712c7fbdd7dccddbf1dedebb4/config.json","文本decode/verify；B[1,16],S[1,8]；TP=1逻辑参考；","Y=X@W^T"
"root/layer_2","FFN_residual","未核验","elementwise","[B,S,2048];[B,S,2048]","[B,S,2048]","B,S,T；其他轴见模型参数","B[1,16];S_verify[1,8];L_KV独立未知；TP=1","config=bfloat16；激活/累加类型未核验","未核验","逻辑轴顺序；物理format未核验","逻辑轴顺序；物理format未核验","未评估候选","未评估候选","未评估候选","未核验","未实测","未实测","未实测","未实测","未核验","配置确认 + 数学推导；未核验完整调用链","https://huggingface.co/openbmb/MiniCPM5-2B-DSpark/resolve/114a20fdbf53220712c7fbdd7dccddbf1dedebb4/config.json","未核验","未核验","未核验","未核验","https://huggingface.co/openbmb/MiniCPM5-2B-DSpark/resolve/114a20fdbf53220712c7fbdd7dccddbf1dedebb4/config.json","文本decode/verify；B[1,16],S[1,8]；TP=1逻辑参考；","Y=X+branch（参考，实际残差策略未核验）"
"root/layer_3","input_normalization","未核验","norm","[B,S,2048]","[B,S,2048]","B,S,T；其他轴见模型参数","B[1,16];S_verify[1,8];L_KV独立未知；TP=1","config=bfloat16；激活/累加类型未核验","未核验","逻辑轴顺序；物理format未核验","逻辑轴顺序；物理format未核验","未评估候选","未评估候选","未评估候选","未核验","未实测","未实测","未实测","未实测","未核验","配置确认 + 数学推导；未核验完整调用链","https://huggingface.co/openbmb/MiniCPM5-2B-DSpark/resolve/114a20fdbf53220712c7fbdd7dccddbf1dedebb4/config.json","未核验","未核验","未核验","未核验","https://huggingface.co/openbmb/MiniCPM5-2B-DSpark/resolve/114a20fdbf53220712c7fbdd7dccddbf1dedebb4/config.json","文本decode/verify；B[1,16],S[1,8]；TP=1逻辑参考；","归一化类型/先后顺序待实现核验"
"root/layer_3","q_projection","未核验","GEMM","[B,S,2048]","[B,S,2048]","B,S,T；其他轴见模型参数","B[1,16];S_verify[1,8];L_KV独立未知；TP=1","config=bfloat16；激活/累加类型未核验","未核验","逻辑轴顺序；物理format未核验","逻辑轴顺序；物理format未核验","未评估候选","未评估候选","未评估候选","未核验","未实测","未实测","未实测","未实测","未核验","配置确认 + 数学推导；未核验完整调用链","https://huggingface.co/openbmb/MiniCPM5-2B-DSpark/resolve/114a20fdbf53220712c7fbdd7dccddbf1dedebb4/config.json","logical [2048,2048]","未核验","未核验","未核验","https://huggingface.co/openbmb/MiniCPM5-2B-DSpark/resolve/114a20fdbf53220712c7fbdd7dccddbf1dedebb4/config.json","文本decode/verify；B[1,16],S[1,8]；TP=1逻辑参考；独立逻辑矩阵，不断言实际融合与存储","Y=X@W^T; width=heads*head_dim"
"root/layer_3","k_projection","未核验","GEMM","[B,S,2048]","[B,S,256]","B,S,T；其他轴见模型参数","B[1,16];S_verify[1,8];L_KV独立未知；TP=1","config=bfloat16；激活/累加类型未核验","未核验","逻辑轴顺序；物理format未核验","逻辑轴顺序；物理format未核验","未评估候选","未评估候选","未评估候选","未核验","未实测","未实测","未实测","未实测","未核验","配置确认 + 数学推导；未核验完整调用链","https://huggingface.co/openbmb/MiniCPM5-2B-DSpark/resolve/114a20fdbf53220712c7fbdd7dccddbf1dedebb4/config.json","logical [256,2048]","未核验","未核验","未核验","https://huggingface.co/openbmb/MiniCPM5-2B-DSpark/resolve/114a20fdbf53220712c7fbdd7dccddbf1dedebb4/config.json","文本decode/verify；B[1,16],S[1,8]；TP=1逻辑参考；独立逻辑矩阵，不断言实际融合与存储","Y=X@W^T; width=heads*head_dim"
"root/layer_3","v_projection","未核验","GEMM","[B,S,2048]","[B,S,256]","B,S,T；其他轴见模型参数","B[1,16];S_verify[1,8];L_KV独立未知；TP=1","config=bfloat16；激活/累加类型未核验","未核验","逻辑轴顺序；物理format未核验","逻辑轴顺序；物理format未核验","未评估候选","未评估候选","未评估候选","未核验","未实测","未实测","未实测","未实测","未核验","配置确认 + 数学推导；未核验完整调用链","https://huggingface.co/openbmb/MiniCPM5-2B-DSpark/resolve/114a20fdbf53220712c7fbdd7dccddbf1dedebb4/config.json","logical [256,2048]","未核验","未核验","未核验","https://huggingface.co/openbmb/MiniCPM5-2B-DSpark/resolve/114a20fdbf53220712c7fbdd7dccddbf1dedebb4/config.json","文本decode/verify；B[1,16],S[1,8]；TP=1逻辑参考；独立逻辑矩阵，不断言实际融合与存储","Y=X@W^T; width=heads*head_dim"
"root/layer_3","position_and_cache","未核验","位置/缓存","Q,K,V projected; B,S","Q:[B,16,S,128]; K,V:[B,2,L_KV,128]","B,S,T；其他轴见模型参数","B[1,16];S_verify[1,8];L_KV独立未知；TP=1","config=bfloat16；激活/累加类型未核验","未核验","逻辑轴顺序；物理format未核验","逻辑轴顺序；物理format未核验","未评估候选","未评估候选","未评估候选","未核验","未实测","未实测","未实测","未实测","未核验","配置确认 + 数学推导；未核验完整调用链","https://huggingface.co/openbmb/MiniCPM5-2B-DSpark/resolve/114a20fdbf53220712c7fbdd7dccddbf1dedebb4/config.json","未核验","未核验","未核验","未核验","https://huggingface.co/openbmb/MiniCPM5-2B-DSpark/resolve/114a20fdbf53220712c7fbdd7dccddbf1dedebb4/config.json","文本decode/verify；B[1,16],S[1,8]；TP=1逻辑参考；","cache长度L_KV独立；位置编码类型与存储layout未核验"
"root/layer_3","attention","未核验","attention","Q:[B,16,S,128];K,V:[B,2,L_KV,128]","[B,16,S,128]","B,S,T；其他轴见模型参数","B[1,16];S_verify[1,8];L_KV独立未知；TP=1","config=bfloat16；激活/累加类型未核验","未核验","逻辑轴顺序；物理format未核验","逻辑轴顺序；物理format未核验","未评估候选","未评估候选","未评估候选","未核验","未实测","未实测","未实测","未实测","未核验","配置确认 + 数学推导；未核验完整调用链","https://huggingface.co/openbmb/MiniCPM5-2B-DSpark/resolve/114a20fdbf53220712c7fbdd7dccddbf1dedebb4/config.json","未核验","未核验","未核验","未核验","https://huggingface.co/openbmb/MiniCPM5-2B-DSpark/resolve/114a20fdbf53220712c7fbdd7dccddbf1dedebb4/config.json","文本decode/verify；B[1,16],S[1,8]；TP=1逻辑参考；稀疏选块/线性分支需按实现，不能据此声称稠密执行或峰值中间内存","softmax(QK^T / sqrt(head_dim) + mask)V（数学参考）"
"root/layer_3","output_projection","未核验","GEMM","[B,S,2048]","[B,S,2048]","B,S,T；其他轴见模型参数","B[1,16];S_verify[1,8];L_KV独立未知；TP=1","config=bfloat16；激活/累加类型未核验","未核验","逻辑轴顺序；物理format未核验","逻辑轴顺序；物理format未核验","未评估候选","未评估候选","未评估候选","未核验","未实测","未实测","未实测","未实测","未核验","配置确认 + 数学推导；未核验完整调用链","https://huggingface.co/openbmb/MiniCPM5-2B-DSpark/resolve/114a20fdbf53220712c7fbdd7dccddbf1dedebb4/config.json","logical [2048,2048]","未核验","未核验","未核验","https://huggingface.co/openbmb/MiniCPM5-2B-DSpark/resolve/114a20fdbf53220712c7fbdd7dccddbf1dedebb4/config.json","文本decode/verify；B[1,16],S[1,8]；TP=1逻辑参考；","Y=X@W^T"
"root/layer_3","attention_residual","未核验","elementwise","[B,S,2048];[B,S,2048]","[B,S,2048]","B,S,T；其他轴见模型参数","B[1,16];S_verify[1,8];L_KV独立未知；TP=1","config=bfloat16；激活/累加类型未核验","未核验","逻辑轴顺序；物理format未核验","逻辑轴顺序；物理format未核验","未评估候选","未评估候选","未评估候选","未核验","未实测","未实测","未实测","未实测","未核验","配置确认 + 数学推导；未核验完整调用链","https://huggingface.co/openbmb/MiniCPM5-2B-DSpark/resolve/114a20fdbf53220712c7fbdd7dccddbf1dedebb4/config.json","未核验","未核验","未核验","未核验","https://huggingface.co/openbmb/MiniCPM5-2B-DSpark/resolve/114a20fdbf53220712c7fbdd7dccddbf1dedebb4/config.json","文本decode/verify；B[1,16],S[1,8]；TP=1逻辑参考；","Y=X+branch（参考，实际残差策略未核验）"
"root/layer_3","post_attention_normalization","未核验","norm","[B,S,2048]","[B,S,2048]","B,S,T；其他轴见模型参数","B[1,16];S_verify[1,8];L_KV独立未知；TP=1","config=bfloat16；激活/累加类型未核验","未核验","逻辑轴顺序；物理format未核验","逻辑轴顺序；物理format未核验","未评估候选","未评估候选","未评估候选","未核验","未实测","未实测","未实测","未实测","未核验","配置确认 + 数学推导；未核验完整调用链","https://huggingface.co/openbmb/MiniCPM5-2B-DSpark/resolve/114a20fdbf53220712c7fbdd7dccddbf1dedebb4/config.json","未核验","未核验","未核验","未核验","https://huggingface.co/openbmb/MiniCPM5-2B-DSpark/resolve/114a20fdbf53220712c7fbdd7dccddbf1dedebb4/config.json","文本decode/verify；B[1,16],S[1,8]；TP=1逻辑参考；","类型与位置待源码核验"
"root/layer_3","FFN_up","未核验","GEMM","[B,S,2048]","[B,S,6144]","B,S,T；其他轴见模型参数","B[1,16];S_verify[1,8];L_KV独立未知；TP=1","config=bfloat16；激活/累加类型未核验","未核验","逻辑轴顺序；物理format未核验","逻辑轴顺序；物理format未核验","未评估候选","未评估候选","未评估候选","未核验","未实测","未实测","未实测","未实测","未核验","配置确认 + 数学推导；未核验完整调用链","https://huggingface.co/openbmb/MiniCPM5-2B-DSpark/resolve/114a20fdbf53220712c7fbdd7dccddbf1dedebb4/config.json","logical [6144,2048]","未核验","未核验","未核验","https://huggingface.co/openbmb/MiniCPM5-2B-DSpark/resolve/114a20fdbf53220712c7fbdd7dccddbf1dedebb4/config.json","文本decode/verify；B[1,16],S[1,8]；TP=1逻辑参考；","Y=X@W^T"
"root/layer_3","FFN_activation_and_optional_gate","未核验","activation","[B,S,6144]","[B,S,6144]","B,S,T；其他轴见模型参数","B[1,16];S_verify[1,8];L_KV独立未知；TP=1","config=bfloat16；激活/累加类型未核验","未核验","逻辑轴顺序；物理format未核验","逻辑轴顺序；物理format未核验","未评估候选","未评估候选","未评估候选","未核验","未实测","未实测","未实测","未实测","未核验","配置确认 + 数学推导；未核验完整调用链","https://huggingface.co/openbmb/MiniCPM5-2B-DSpark/resolve/114a20fdbf53220712c7fbdd7dccddbf1dedebb4/config.json","未核验","未核验","未核验","未核验","https://huggingface.co/openbmb/MiniCPM5-2B-DSpark/resolve/114a20fdbf53220712c7fbdd7dccddbf1dedebb4/config.json","文本decode/verify；B[1,16],S[1,8]；TP=1逻辑参考；是否额外gate矩阵与门控分支维度需要实现；不能仅由silu推定完整SwiGLU","config.hidden_act=silu"
"root/layer_3","FFN_down","未核验","GEMM","[B,S,6144]","[B,S,2048]","B,S,T；其他轴见模型参数","B[1,16];S_verify[1,8];L_KV独立未知；TP=1","config=bfloat16；激活/累加类型未核验","未核验","逻辑轴顺序；物理format未核验","逻辑轴顺序；物理format未核验","未评估候选","未评估候选","未评估候选","未核验","未实测","未实测","未实测","未实测","未核验","配置确认 + 数学推导；未核验完整调用链","https://huggingface.co/openbmb/MiniCPM5-2B-DSpark/resolve/114a20fdbf53220712c7fbdd7dccddbf1dedebb4/config.json","logical [2048,6144]","未核验","未核验","未核验","https://huggingface.co/openbmb/MiniCPM5-2B-DSpark/resolve/114a20fdbf53220712c7fbdd7dccddbf1dedebb4/config.json","文本decode/verify；B[1,16],S[1,8]；TP=1逻辑参考；","Y=X@W^T"
"root/layer_3","FFN_residual","未核验","elementwise","[B,S,2048];[B,S,2048]","[B,S,2048]","B,S,T；其他轴见模型参数","B[1,16];S_verify[1,8];L_KV独立未知；TP=1","config=bfloat16；激活/累加类型未核验","未核验","逻辑轴顺序；物理format未核验","逻辑轴顺序；物理format未核验","未评估候选","未评估候选","未评估候选","未核验","未实测","未实测","未实测","未实测","未核验","配置确认 + 数学推导；未核验完整调用链","https://huggingface.co/openbmb/MiniCPM5-2B-DSpark/resolve/114a20fdbf53220712c7fbdd7dccddbf1dedebb4/config.json","未核验","未核验","未核验","未核验","https://huggingface.co/openbmb/MiniCPM5-2B-DSpark/resolve/114a20fdbf53220712c7fbdd7dccddbf1dedebb4/config.json","文本decode/verify；B[1,16],S[1,8]；TP=1逻辑参考；","Y=X+branch（参考，实际残差策略未核验）"
"root/layer_4","input_normalization","未核验","norm","[B,S,2048]","[B,S,2048]","B,S,T；其他轴见模型参数","B[1,16];S_verify[1,8];L_KV独立未知；TP=1","config=bfloat16；激活/累加类型未核验","未核验","逻辑轴顺序；物理format未核验","逻辑轴顺序；物理format未核验","未评估候选","未评估候选","未评估候选","未核验","未实测","未实测","未实测","未实测","未核验","配置确认 + 数学推导；未核验完整调用链","https://huggingface.co/openbmb/MiniCPM5-2B-DSpark/resolve/114a20fdbf53220712c7fbdd7dccddbf1dedebb4/config.json","未核验","未核验","未核验","未核验","https://huggingface.co/openbmb/MiniCPM5-2B-DSpark/resolve/114a20fdbf53220712c7fbdd7dccddbf1dedebb4/config.json","文本decode/verify；B[1,16],S[1,8]；TP=1逻辑参考；","归一化类型/先后顺序待实现核验"
"root/layer_4","q_projection","未核验","GEMM","[B,S,2048]","[B,S,2048]","B,S,T；其他轴见模型参数","B[1,16];S_verify[1,8];L_KV独立未知；TP=1","config=bfloat16；激活/累加类型未核验","未核验","逻辑轴顺序；物理format未核验","逻辑轴顺序；物理format未核验","未评估候选","未评估候选","未评估候选","未核验","未实测","未实测","未实测","未实测","未核验","配置确认 + 数学推导；未核验完整调用链","https://huggingface.co/openbmb/MiniCPM5-2B-DSpark/resolve/114a20fdbf53220712c7fbdd7dccddbf1dedebb4/config.json","logical [2048,2048]","未核验","未核验","未核验","https://huggingface.co/openbmb/MiniCPM5-2B-DSpark/resolve/114a20fdbf53220712c7fbdd7dccddbf1dedebb4/config.json","文本decode/verify；B[1,16],S[1,8]；TP=1逻辑参考；独立逻辑矩阵，不断言实际融合与存储","Y=X@W^T; width=heads*head_dim"
"root/layer_4","k_projection","未核验","GEMM","[B,S,2048]","[B,S,256]","B,S,T；其他轴见模型参数","B[1,16];S_verify[1,8];L_KV独立未知；TP=1","config=bfloat16；激活/累加类型未核验","未核验","逻辑轴顺序；物理format未核验","逻辑轴顺序；物理format未核验","未评估候选","未评估候选","未评估候选","未核验","未实测","未实测","未实测","未实测","未核验","配置确认 + 数学推导；未核验完整调用链","https://huggingface.co/openbmb/MiniCPM5-2B-DSpark/resolve/114a20fdbf53220712c7fbdd7dccddbf1dedebb4/config.json","logical [256,2048]","未核验","未核验","未核验","https://huggingface.co/openbmb/MiniCPM5-2B-DSpark/resolve/114a20fdbf53220712c7fbdd7dccddbf1dedebb4/config.json","文本decode/verify；B[1,16],S[1,8]；TP=1逻辑参考；独立逻辑矩阵，不断言实际融合与存储","Y=X@W^T; width=heads*head_dim"
"root/layer_4","v_projection","未核验","GEMM","[B,S,2048]","[B,S,256]","B,S,T；其他轴见模型参数","B[1,16];S_verify[1,8];L_KV独立未知；TP=1","config=bfloat16；激活/累加类型未核验","未核验","逻辑轴顺序；物理format未核验","逻辑轴顺序；物理format未核验","未评估候选","未评估候选","未评估候选","未核验","未实测","未实测","未实测","未实测","未核验","配置确认 + 数学推导；未核验完整调用链","https://huggingface.co/openbmb/MiniCPM5-2B-DSpark/resolve/114a20fdbf53220712c7fbdd7dccddbf1dedebb4/config.json","logical [256,2048]","未核验","未核验","未核验","https://huggingface.co/openbmb/MiniCPM5-2B-DSpark/resolve/114a20fdbf53220712c7fbdd7dccddbf1dedebb4/config.json","文本decode/verify；B[1,16],S[1,8]；TP=1逻辑参考；独立逻辑矩阵，不断言实际融合与存储","Y=X@W^T; width=heads*head_dim"
"root/layer_4","position_and_cache","未核验","位置/缓存","Q,K,V projected; B,S","Q:[B,16,S,128]; K,V:[B,2,L_KV,128]","B,S,T；其他轴见模型参数","B[1,16];S_verify[1,8];L_KV独立未知；TP=1","config=bfloat16；激活/累加类型未核验","未核验","逻辑轴顺序；物理format未核验","逻辑轴顺序；物理format未核验","未评估候选","未评估候选","未评估候选","未核验","未实测","未实测","未实测","未实测","未核验","配置确认 + 数学推导；未核验完整调用链","https://huggingface.co/openbmb/MiniCPM5-2B-DSpark/resolve/114a20fdbf53220712c7fbdd7dccddbf1dedebb4/config.json","未核验","未核验","未核验","未核验","https://huggingface.co/openbmb/MiniCPM5-2B-DSpark/resolve/114a20fdbf53220712c7fbdd7dccddbf1dedebb4/config.json","文本decode/verify；B[1,16],S[1,8]；TP=1逻辑参考；","cache长度L_KV独立；位置编码类型与存储layout未核验"
"root/layer_4","attention","未核验","attention","Q:[B,16,S,128];K,V:[B,2,L_KV,128]","[B,16,S,128]","B,S,T；其他轴见模型参数","B[1,16];S_verify[1,8];L_KV独立未知；TP=1","config=bfloat16；激活/累加类型未核验","未核验","逻辑轴顺序；物理format未核验","逻辑轴顺序；物理format未核验","未评估候选","未评估候选","未评估候选","未核验","未实测","未实测","未实测","未实测","未核验","配置确认 + 数学推导；未核验完整调用链","https://huggingface.co/openbmb/MiniCPM5-2B-DSpark/resolve/114a20fdbf53220712c7fbdd7dccddbf1dedebb4/config.json","未核验","未核验","未核验","未核验","https://huggingface.co/openbmb/MiniCPM5-2B-DSpark/resolve/114a20fdbf53220712c7fbdd7dccddbf1dedebb4/config.json","文本decode/verify；B[1,16],S[1,8]；TP=1逻辑参考；稀疏选块/线性分支需按实现，不能据此声称稠密执行或峰值中间内存","softmax(QK^T / sqrt(head_dim) + mask)V（数学参考）"
"root/layer_4","output_projection","未核验","GEMM","[B,S,2048]","[B,S,2048]","B,S,T；其他轴见模型参数","B[1,16];S_verify[1,8];L_KV独立未知；TP=1","config=bfloat16；激活/累加类型未核验","未核验","逻辑轴顺序；物理format未核验","逻辑轴顺序；物理format未核验","未评估候选","未评估候选","未评估候选","未核验","未实测","未实测","未实测","未实测","未核验","配置确认 + 数学推导；未核验完整调用链","https://huggingface.co/openbmb/MiniCPM5-2B-DSpark/resolve/114a20fdbf53220712c7fbdd7dccddbf1dedebb4/config.json","logical [2048,2048]","未核验","未核验","未核验","https://huggingface.co/openbmb/MiniCPM5-2B-DSpark/resolve/114a20fdbf53220712c7fbdd7dccddbf1dedebb4/config.json","文本decode/verify；B[1,16],S[1,8]；TP=1逻辑参考；","Y=X@W^T"
"root/layer_4","attention_residual","未核验","elementwise","[B,S,2048];[B,S,2048]","[B,S,2048]","B,S,T；其他轴见模型参数","B[1,16];S_verify[1,8];L_KV独立未知；TP=1","config=bfloat16；激活/累加类型未核验","未核验","逻辑轴顺序；物理format未核验","逻辑轴顺序；物理format未核验","未评估候选","未评估候选","未评估候选","未核验","未实测","未实测","未实测","未实测","未核验","配置确认 + 数学推导；未核验完整调用链","https://huggingface.co/openbmb/MiniCPM5-2B-DSpark/resolve/114a20fdbf53220712c7fbdd7dccddbf1dedebb4/config.json","未核验","未核验","未核验","未核验","https://huggingface.co/openbmb/MiniCPM5-2B-DSpark/resolve/114a20fdbf53220712c7fbdd7dccddbf1dedebb4/config.json","文本decode/verify；B[1,16],S[1,8]；TP=1逻辑参考；","Y=X+branch（参考，实际残差策略未核验）"
"root/layer_4","post_attention_normalization","未核验","norm","[B,S,2048]","[B,S,2048]","B,S,T；其他轴见模型参数","B[1,16];S_verify[1,8];L_KV独立未知；TP=1","config=bfloat16；激活/累加类型未核验","未核验","逻辑轴顺序；物理format未核验","逻辑轴顺序；物理format未核验","未评估候选","未评估候选","未评估候选","未核验","未实测","未实测","未实测","未实测","未核验","配置确认 + 数学推导；未核验完整调用链","https://huggingface.co/openbmb/MiniCPM5-2B-DSpark/resolve/114a20fdbf53220712c7fbdd7dccddbf1dedebb4/config.json","未核验","未核验","未核验","未核验","https://huggingface.co/openbmb/MiniCPM5-2B-DSpark/resolve/114a20fdbf53220712c7fbdd7dccddbf1dedebb4/config.json","文本decode/verify；B[1,16],S[1,8]；TP=1逻辑参考；","类型与位置待源码核验"
"root/layer_4","FFN_up","未核验","GEMM","[B,S,2048]","[B,S,6144]","B,S,T；其他轴见模型参数","B[1,16];S_verify[1,8];L_KV独立未知；TP=1","config=bfloat16；激活/累加类型未核验","未核验","逻辑轴顺序；物理format未核验","逻辑轴顺序；物理format未核验","未评估候选","未评估候选","未评估候选","未核验","未实测","未实测","未实测","未实测","未核验","配置确认 + 数学推导；未核验完整调用链","https://huggingface.co/openbmb/MiniCPM5-2B-DSpark/resolve/114a20fdbf53220712c7fbdd7dccddbf1dedebb4/config.json","logical [6144,2048]","未核验","未核验","未核验","https://huggingface.co/openbmb/MiniCPM5-2B-DSpark/resolve/114a20fdbf53220712c7fbdd7dccddbf1dedebb4/config.json","文本decode/verify；B[1,16],S[1,8]；TP=1逻辑参考；","Y=X@W^T"
"root/layer_4","FFN_activation_and_optional_gate","未核验","activation","[B,S,6144]","[B,S,6144]","B,S,T；其他轴见模型参数","B[1,16];S_verify[1,8];L_KV独立未知；TP=1","config=bfloat16；激活/累加类型未核验","未核验","逻辑轴顺序；物理format未核验","逻辑轴顺序；物理format未核验","未评估候选","未评估候选","未评估候选","未核验","未实测","未实测","未实测","未实测","未核验","配置确认 + 数学推导；未核验完整调用链","https://huggingface.co/openbmb/MiniCPM5-2B-DSpark/resolve/114a20fdbf53220712c7fbdd7dccddbf1dedebb4/config.json","未核验","未核验","未核验","未核验","https://huggingface.co/openbmb/MiniCPM5-2B-DSpark/resolve/114a20fdbf53220712c7fbdd7dccddbf1dedebb4/config.json","文本decode/verify；B[1,16],S[1,8]；TP=1逻辑参考；是否额外gate矩阵与门控分支维度需要实现；不能仅由silu推定完整SwiGLU","config.hidden_act=silu"
"root/layer_4","FFN_down","未核验","GEMM","[B,S,6144]","[B,S,2048]","B,S,T；其他轴见模型参数","B[1,16];S_verify[1,8];L_KV独立未知；TP=1","config=bfloat16；激活/累加类型未核验","未核验","逻辑轴顺序；物理format未核验","逻辑轴顺序；物理format未核验","未评估候选","未评估候选","未评估候选","未核验","未实测","未实测","未实测","未实测","未核验","配置确认 + 数学推导；未核验完整调用链","https://huggingface.co/openbmb/MiniCPM5-2B-DSpark/resolve/114a20fdbf53220712c7fbdd7dccddbf1dedebb4/config.json","logical [2048,6144]","未核验","未核验","未核验","https://huggingface.co/openbmb/MiniCPM5-2B-DSpark/resolve/114a20fdbf53220712c7fbdd7dccddbf1dedebb4/config.json","文本decode/verify；B[1,16],S[1,8]；TP=1逻辑参考；","Y=X@W^T"
"root/layer_4","FFN_residual","未核验","elementwise","[B,S,2048];[B,S,2048]","[B,S,2048]","B,S,T；其他轴见模型参数","B[1,16];S_verify[1,8];L_KV独立未知；TP=1","config=bfloat16；激活/累加类型未核验","未核验","逻辑轴顺序；物理format未核验","逻辑轴顺序；物理format未核验","未评估候选","未评估候选","未评估候选","未核验","未实测","未实测","未实测","未实测","未核验","配置确认 + 数学推导；未核验完整调用链","https://huggingface.co/openbmb/MiniCPM5-2B-DSpark/resolve/114a20fdbf53220712c7fbdd7dccddbf1dedebb4/config.json","未核验","未核验","未核验","未核验","https://huggingface.co/openbmb/MiniCPM5-2B-DSpark/resolve/114a20fdbf53220712c7fbdd7dccddbf1dedebb4/config.json","文本decode/verify；B[1,16],S[1,8]；TP=1逻辑参考；","Y=X+branch（参考，实际残差策略未核验）"
"global","embedding_output_heads_modal_connectors","未核验","全局/模态组件","未核验","未核验","B,S,T；其他轴见模型参数","B[1,16];S_verify[1,8];L_KV独立未知；TP=1","未核验","未核验","逻辑轴顺序；物理format未核验","逻辑轴顺序；物理format未核验","未评估候选","未评估候选","未评估候选","未核验","未实测","未实测","未实测","未实测","未核验","配置可见；专用/全局算子未完整核验","https://huggingface.co/openbmb/MiniCPM5-2B-DSpark/resolve/114a20fdbf53220712c7fbdd7dccddbf1dedebb4/config.json","未核验","未核验","未核验","未核验","https://huggingface.co/openbmb/MiniCPM5-2B-DSpark/resolve/114a20fdbf53220712c7fbdd7dccddbf1dedebb4/config.json","文本decode/verify；S=1..8，B=1..16；TP=1逻辑形状；embedding、lm_head、模态连接器、压缩器、AudioVAE、扩散/动作/检索头需独立源码；不因主干展开而声称全图已完成","未核验"