模型,model_id,固定 revision,阶段,MLA 路径,B,Q,history,logits,cache B/元素,act B/元素,weight B/元素,投影 FLOPs,Attention 上界 FLOPs,有效 Attention FLOPs,Indexer FLOPs,Head/折叠 FLOPs,收缩合计 FLOPs,主 KV bytes,Index cache bytes,FP32 状态 bytes,Cache/状态合计 bytes,统一精度主干权重 bytes,实际发布载荷 bytes,投影逻辑 IO bytes,单层 score 逻辑 bytes,实测延迟 ms,实测吞吐 token/s,范围
DeepSeek-V2,v2,4461458f186c35188585855f28f77af5661ad489,prefill,latent,1,512,0,all,2,2,2,20814317486080,4380866641920,2194711511040,0,536870912000,25732055040000,35389440,0,0,35389440,471482869760,471482869760,14934835200,134217728,,,声明矩阵收缩；逻辑字节与精度假设；主干范围；设备未测
DeepSeek-V2,v2,4461458f186c35188585855f28f77af5661ad489,prefill,expanded,1,512,0,all,2,2,2,20814317486080,1288490188800,645503385600,0,536870912000,22639678586880,2516582400,0,0,2516582400,471482869760,471482869760,14934835200,134217728,,,声明矩阵收缩；逻辑字节与精度假设；主干范围；设备未测
DeepSeek-V2,v2,4461458f186c35188585855f28f77af5661ad489,decode,latent,1,1,4095,all,2,2,2,40652963840,68451041280,68451041280,0,1048576000,110152581120,283115520,0,0,283115520,471482869760,471482869760,29169600,2097152,,,声明矩阵收缩；逻辑字节与精度假设；主干范围；设备未测
DeepSeek-V2,v2,4461458f186c35188585855f28f77af5661ad489,decode,expanded,1,1,4095,all,2,2,2,40652963840,20132659200,20132659200,0,1048576000,61834199040,20132659200,0,0,20132659200,471482869760,471482869760,29169600,2097152,,,声明矩阵收缩；逻辑字节与精度假设；主干范围；设备未测
DeepSeek-V2,v2,4461458f186c35188585855f28f77af5661ad489,verify,latent,1,5,4095,all,2,2,2,203264819200,342589440000,342422323200,0,5242880000,551097139200,283392000,0,0,283392000,471482869760,471482869760,145848000,10496000,,,声明矩阵收缩；逻辑字节与精度假设；主干范围；设备未测
DeepSeek-V2,v2,4461458f186c35188585855f28f77af5661ad489,verify,expanded,1,5,4095,all,2,2,2,203264819200,100761600000,100712448000,0,5242880000,309269299200,20152320000,0,0,20152320000,471482869760,471482869760,145848000,10496000,,,声明矩阵收缩；逻辑字节与精度假设；主干范围；设备未测
DeepSeek-V3-Base,v3-base,afb92e1fa402c2be2a9eb085312bb02e0384d6c7,prefill,latent,1,512,0,all,2,2,2,36554667982848,4453881085952,2231290036224,0,948919336960,41957468405760,35979264,0,0,35979264,1342052838400,688574839360,21803630592,134217728,,,声明矩阵收缩；逻辑字节与精度假设；主干范围；设备未测
DeepSeek-V3-Base,v3-base,afb92e1fa402c2be2a9eb085312bb02e0384d6c7,prefill,expanded,1,512,0,all,2,2,2,36554667982848,1309965025280,656261775360,0,948919336960,38813552345088,2558525440,0,0,2558525440,1342052838400,688574839360,21803630592,134217728,,,声明矩阵收缩；逻辑字节与精度假设；主干范围；设备未测
DeepSeek-V3-Base,v3-base,afb92e1fa402c2be2a9eb085312bb02e0384d6c7,decode,latent,1,1,4095,all,2,2,2,71395835904,69591891968,69591891968,0,1853358080,142841085952,287834112,0,0,287834112,1342052838400,688574839360,42585216,2097152,,,声明矩阵收缩；逻辑字节与精度假设；主干范围；设备未测
DeepSeek-V3-Base,v3-base,afb92e1fa402c2be2a9eb085312bb02e0384d6c7,decode,expanded,1,1,4095,all,2,2,2,71395835904,20468203520,20468203520,0,1853358080,93717397504,20468203520,0,0,20468203520,1342052838400,688574839360,42585216,2097152,,,声明矩阵收缩；逻辑字节与精度假设；主干范围；设备未测
DeepSeek-V3-Base,v3-base,afb92e1fa402c2be2a9eb085312bb02e0384d6c7,verify,latent,1,5,4095,all,2,2,2,356979179520,348299264000,348129361920,0,9266790400,714545233920,288115200,0,0,288115200,1342052838400,688574839360,212926080,10496000,,,声明矩阵收缩；逻辑字节与精度假设；主干范围；设备未测
DeepSeek-V3-Base,v3-base,afb92e1fa402c2be2a9eb085312bb02e0384d6c7,verify,expanded,1,5,4095,all,2,2,2,356979179520,102440960000,102390988800,0,9266790400,468686929920,20488192000,0,0,20488192000,1342052838400,688574839360,212926080,10496000,,,声明矩阵收缩；逻辑字节与精度假设；主干范围；设备未测
DeepSeek-V3,v3,e815299b0bcbac849fa540c768ef21845365c9eb,prefill,latent,1,512,0,all,2,2,2,36554667982848,4453881085952,2231290036224,0,948919336960,41957468405760,35979264,0,0,35979264,1342052838400,688574839360,21803630592,134217728,,,声明矩阵收缩；逻辑字节与精度假设；主干范围；设备未测
DeepSeek-V3,v3,e815299b0bcbac849fa540c768ef21845365c9eb,prefill,expanded,1,512,0,all,2,2,2,36554667982848,1309965025280,656261775360,0,948919336960,38813552345088,2558525440,0,0,2558525440,1342052838400,688574839360,21803630592,134217728,,,声明矩阵收缩；逻辑字节与精度假设；主干范围；设备未测
DeepSeek-V3,v3,e815299b0bcbac849fa540c768ef21845365c9eb,decode,latent,1,1,4095,all,2,2,2,71395835904,69591891968,69591891968,0,1853358080,142841085952,287834112,0,0,287834112,1342052838400,688574839360,42585216,2097152,,,声明矩阵收缩；逻辑字节与精度假设；主干范围；设备未测
DeepSeek-V3,v3,e815299b0bcbac849fa540c768ef21845365c9eb,decode,expanded,1,1,4095,all,2,2,2,71395835904,20468203520,20468203520,0,1853358080,93717397504,20468203520,0,0,20468203520,1342052838400,688574839360,42585216,2097152,,,声明矩阵收缩；逻辑字节与精度假设；主干范围；设备未测
DeepSeek-V3,v3,e815299b0bcbac849fa540c768ef21845365c9eb,verify,latent,1,5,4095,all,2,2,2,356979179520,348299264000,348129361920,0,9266790400,714545233920,288115200,0,0,288115200,1342052838400,688574839360,212926080,10496000,,,声明矩阵收缩；逻辑字节与精度假设；主干范围；设备未测
DeepSeek-V3,v3,e815299b0bcbac849fa540c768ef21845365c9eb,verify,expanded,1,5,4095,all,2,2,2,356979179520,102440960000,102390988800,0,9266790400,468686929920,20488192000,0,0,20488192000,1342052838400,688574839360,212926080,10496000,,,声明矩阵收缩；逻辑字节与精度假设；主干范围；设备未测
DeepSeek-R1-Zero,r1-zero,72234287cbc67dbf474d911359ae32b61a2fdc7e,prefill,latent,1,512,0,all,2,2,2,36554667982848,4453881085952,2231290036224,0,948919336960,41957468405760,35979264,0,0,35979264,1342052838400,688574839360,21803630592,134217728,,,声明矩阵收缩；逻辑字节与精度假设；主干范围；设备未测
DeepSeek-R1-Zero,r1-zero,72234287cbc67dbf474d911359ae32b61a2fdc7e,prefill,expanded,1,512,0,all,2,2,2,36554667982848,1309965025280,656261775360,0,948919336960,38813552345088,2558525440,0,0,2558525440,1342052838400,688574839360,21803630592,134217728,,,声明矩阵收缩；逻辑字节与精度假设；主干范围；设备未测
DeepSeek-R1-Zero,r1-zero,72234287cbc67dbf474d911359ae32b61a2fdc7e,decode,latent,1,1,4095,all,2,2,2,71395835904,69591891968,69591891968,0,1853358080,142841085952,287834112,0,0,287834112,1342052838400,688574839360,42585216,2097152,,,声明矩阵收缩；逻辑字节与精度假设；主干范围；设备未测
DeepSeek-R1-Zero,r1-zero,72234287cbc67dbf474d911359ae32b61a2fdc7e,decode,expanded,1,1,4095,all,2,2,2,71395835904,20468203520,20468203520,0,1853358080,93717397504,20468203520,0,0,20468203520,1342052838400,688574839360,42585216,2097152,,,声明矩阵收缩；逻辑字节与精度假设；主干范围；设备未测
DeepSeek-R1-Zero,r1-zero,72234287cbc67dbf474d911359ae32b61a2fdc7e,verify,latent,1,5,4095,all,2,2,2,356979179520,348299264000,348129361920,0,9266790400,714545233920,288115200,0,0,288115200,1342052838400,688574839360,212926080,10496000,,,声明矩阵收缩；逻辑字节与精度假设；主干范围；设备未测
DeepSeek-R1-Zero,r1-zero,72234287cbc67dbf474d911359ae32b61a2fdc7e,verify,expanded,1,5,4095,all,2,2,2,356979179520,102440960000,102390988800,0,9266790400,468686929920,20488192000,0,0,20488192000,1342052838400,688574839360,212926080,10496000,,,声明矩阵收缩；逻辑字节与精度假设；主干范围；设备未测
DeepSeek-R1,r1,56d4cbbb4d29f4355bab4b9a39ccb717a14ad5ad,prefill,latent,1,512,0,all,2,2,2,36554667982848,4453881085952,2231290036224,0,948919336960,41957468405760,35979264,0,0,35979264,1342052838400,688574839360,21803630592,134217728,,,声明矩阵收缩；逻辑字节与精度假设；主干范围；设备未测
DeepSeek-R1,r1,56d4cbbb4d29f4355bab4b9a39ccb717a14ad5ad,prefill,expanded,1,512,0,all,2,2,2,36554667982848,1309965025280,656261775360,0,948919336960,38813552345088,2558525440,0,0,2558525440,1342052838400,688574839360,21803630592,134217728,,,声明矩阵收缩；逻辑字节与精度假设；主干范围；设备未测
DeepSeek-R1,r1,56d4cbbb4d29f4355bab4b9a39ccb717a14ad5ad,decode,latent,1,1,4095,all,2,2,2,71395835904,69591891968,69591891968,0,1853358080,142841085952,287834112,0,0,287834112,1342052838400,688574839360,42585216,2097152,,,声明矩阵收缩；逻辑字节与精度假设；主干范围；设备未测
DeepSeek-R1,r1,56d4cbbb4d29f4355bab4b9a39ccb717a14ad5ad,decode,expanded,1,1,4095,all,2,2,2,71395835904,20468203520,20468203520,0,1853358080,93717397504,20468203520,0,0,20468203520,1342052838400,688574839360,42585216,2097152,,,声明矩阵收缩；逻辑字节与精度假设；主干范围；设备未测
DeepSeek-R1,r1,56d4cbbb4d29f4355bab4b9a39ccb717a14ad5ad,verify,latent,1,5,4095,all,2,2,2,356979179520,348299264000,348129361920,0,9266790400,714545233920,288115200,0,0,288115200,1342052838400,688574839360,212926080,10496000,,,声明矩阵收缩；逻辑字节与精度假设；主干范围；设备未测
DeepSeek-R1,r1,56d4cbbb4d29f4355bab4b9a39ccb717a14ad5ad,verify,expanded,1,5,4095,all,2,2,2,356979179520,102440960000,102390988800,0,9266790400,468686929920,20488192000,0,0,20488192000,1342052838400,688574839360,212926080,10496000,,,声明矩阵收缩；逻辑字节与精度假设；主干范围；设备未测
DeepSeek-R1-Distill-Qwen-1.5B,r1-distill-qwen-1.5b,ad9f0ae0864d7fbcd1cd905e3c6c5b069cc8b562,prefill,latent,1,512,0,all,2,2,2,1341640409088,45097156608,22592618496,0,238974664704,1625712230400,14680064,0,0,14680064,3554176000,3554176000,1338900480,12582912,,,声明矩阵收缩；逻辑字节与精度假设；主干范围；设备未测
DeepSeek-R1-Distill-Qwen-1.5B,r1-distill-qwen-1.5b,ad9f0ae0864d7fbcd1cd905e3c6c5b069cc8b562,decode,latent,1,1,4095,all,2,2,2,2620391424,704643072,704643072,0,466747392,3791781888,117440512,0,0,117440512,3554176000,3554176000,2615040,196608,,,声明矩阵收缩；逻辑字节与精度假设；主干范围；设备未测
DeepSeek-R1-Distill-Qwen-1.5B,r1-distill-qwen-1.5b,ad9f0ae0864d7fbcd1cd905e3c6c5b069cc8b562,verify,latent,1,5,4095,all,2,2,2,13101957120,3526656000,3524935680,0,2333736960,18962350080,117555200,0,0,117555200,3554176000,3554176000,13075200,984000,,,声明矩阵收缩；逻辑字节与精度假设；主干范围；设备未测
DeepSeek-R1-Distill-Qwen-7B,r1-distill-qwen-7b,916b56a44061fd5cd7d6a8fb632557ed4f724f60,prefill,latent,1,512,0,all,2,2,2,6681895370752,105226698752,52716109824,0,558077313024,7345199382528,29360128,0,0,29360128,15231233024,15231233024,2743074816,29360128,,,声明矩阵收缩；逻辑字节与精度假设；主干范围；设备未测
DeepSeek-R1-Distill-Qwen-7B,r1-distill-qwen-7b,916b56a44061fd5cd7d6a8fb632557ed4f724f60,decode,latent,1,1,4095,all,2,2,2,13050576896,1644167168,1644167168,0,1089994752,15784738816,234881024,0,0,234881024,15231233024,15231233024,5357568,458752,,,声明矩阵收缩；逻辑字节与精度假设；主干范围；设备未测
DeepSeek-R1-Distill-Qwen-7B,r1-distill-qwen-7b,916b56a44061fd5cd7d6a8fb632557ed4f724f60,verify,latent,1,5,4095,all,2,2,2,65252884480,8228864000,8224849920,0,5449973760,78931722240,235110400,0,0,235110400,15231233024,15231233024,26787840,2296000,,,声明矩阵收缩；逻辑字节与精度假设；主干范围；设备未测
DeepSeek-R1-Distill-Qwen-14B,r1-distill-qwen-14b,1df8507178afcc1bef68cd8c393f61a886323761,prefill,latent,1,512,0,all,2,2,2,13529146982400,257698037760,129100677120,0,797253304320,14584098324480,100663296,0,0,100663296,29540067328,29540067328,4564975616,41943040,,,声明矩阵收缩；逻辑字节与精度假设；主干范围；设备未测
DeepSeek-R1-Distill-Qwen-14B,r1-distill-qwen-14b,1df8507178afcc1bef68cd8c393f61a886323761,decode,latent,1,1,4095,all,2,2,2,26424115200,4026531840,4026531840,0,1557135360,32007782400,805306368,0,0,805306368,29540067328,29540067328,8915968,655360,,,声明矩阵收缩；逻辑字节与精度假设；主干范围；设备未测
DeepSeek-R1-Distill-Qwen-14B,r1-distill-qwen-14b,1df8507178afcc1bef68cd8c393f61a886323761,verify,latent,1,5,4095,all,2,2,2,132120576000,20152320000,20142489600,0,7785676800,160058572800,806092800,0,0,806092800,29540067328,29540067328,44579840,3280000,,,声明矩阵收缩；逻辑字节与精度假设；主干范围；设备未测
DeepSeek-R1-Distill-Qwen-32B,r1-distill-qwen-32b,711ad2ea6aa40cfca18895e8aca02ab92df1a746,prefill,latent,1,512,0,all,2,2,2,31954556682240,343597383680,172134236160,0,797253304320,33095407370240,134217728,0,0,134217728,65527752704,65527752704,8750891008,41943040,,,声明矩阵收缩；逻辑字节与精度假设；主干范围；设备未测
DeepSeek-R1-Distill-Qwen-32B,r1-distill-qwen-32b,711ad2ea6aa40cfca18895e8aca02ab92df1a746,decode,latent,1,1,4095,all,2,2,2,62411243520,5368709120,5368709120,0,1557135360,69337088000,1073741824,0,0,1073741824,65527752704,65527752704,17091584,655360,,,声明矩阵收缩；逻辑字节与精度假设；主干范围；设备未测
DeepSeek-R1-Distill-Qwen-32B,r1-distill-qwen-32b,711ad2ea6aa40cfca18895e8aca02ab92df1a746,verify,latent,1,5,4095,all,2,2,2,312056217600,26869760000,26856652800,0,7785676800,346711654400,1074790400,0,0,1074790400,65527752704,65527752704,85457920,3280000,,,声明矩阵收缩；逻辑字节与精度假设；主干范围；设备未测
DeepSeek-R1-Distill-Llama-8B,r1-distill-llama-8b,6a6f4aa4197940add57724a7707d069478df56b1,prefill,latent,1,512,0,all,2,2,2,7146825580544,137438953472,68853694464,0,537944653824,7822209187840,67108864,0,0,67108864,16060522496,16060522496,2819883008,33554432,,,声明矩阵收缩；逻辑字节与精度假设；主干范围；设备未测
DeepSeek-R1-Distill-Llama-8B,r1-distill-llama-8b,6a6f4aa4197940add57724a7707d069478df56b1,decode,latent,1,1,4095,all,2,2,2,13958643712,2147483648,2147483648,0,1050673152,17156800512,536870912,0,0,536870912,16060522496,16060522496,5507584,524288,,,声明矩阵收缩；逻辑字节与精度假设；主干范围；设备未测
DeepSeek-R1-Distill-Llama-8B,r1-distill-llama-8b,6a6f4aa4197940add57724a7707d069478df56b1,verify,latent,1,5,4095,all,2,2,2,69793218560,10747904000,10742661120,0,5253365760,85794488320,537395200,0,0,537395200,16060522496,16060522496,27537920,2624000,,,声明矩阵收缩；逻辑字节与精度假设；主干范围；设备未测
DeepSeek-R1-Distill-Llama-70B,r1-distill-llama-70b,b1c0b44b4369b597ad119a196caf79a9c40e141e,prefill,latent,1,512,0,all,2,2,2,70093866270720,687194767360,344268472320,0,1075889307648,71856950345728,167772160,0,0,167772160,141107412992,141107412992,13393723392,67108864,,,声明矩阵收缩；逻辑字节与精度假设；主干范围；设备未测
DeepSeek-R1-Distill-Llama-70B,r1-distill-llama-70b,b1c0b44b4369b597ad119a196caf79a9c40e141e,decode,latent,1,1,4095,all,2,2,2,136902082560,10737418240,10737418240,0,2101346304,149740847104,1342177280,0,0,1342177280,141107412992,141107412992,26159616,1048576,,,声明矩阵收缩；逻辑字节与精度假设；主干范围；设备未测
DeepSeek-R1-Distill-Llama-70B,r1-distill-llama-70b,b1c0b44b4369b597ad119a196caf79a9c40e141e,verify,latent,1,5,4095,all,2,2,2,684510412800,53739520000,53713305600,0,10506731520,748756664320,1343488000,0,0,1343488000,141107412992,141107412992,130798080,5248000,,,声明矩阵收缩；逻辑字节与精度假设；主干范围；设备未测
DeepSeek-V3.2-Exp,v3.2-exp,194c67e12b1b0d6df0ef373ddcf215bc84027409,prefill,latent,1,512,0,last,2,2,2,37426613452800,4453881085952,2231290036224,261993005056,1853358080,42144340901888,35979264,4122624,0,40101888,1343755888128,689471107200,23179307520,134217728,,,声明矩阵收缩；逻辑字节与精度假设；主干范围；设备未测
DeepSeek-V3.2-Exp,v3.2-exp,194c67e12b1b0d6df0ef373ddcf215bc84027409,prefill,expanded,1,512,0,last,2,2,2,37426613452800,1309965025280,656261775360,261993005056,1853358080,39000424841216,2558525440,4122624,0,2562648064,1343755888128,689471107200,23179307520,134217728,,,声明矩阵收缩；逻辑字节与精度假设；主干范围；设备未测
DeepSeek-V3.2-Exp,v3.2-exp,194c67e12b1b0d6df0ef373ddcf215bc84027409,decode,latent,1,1,4095,last,2,2,2,73098854400,69591891968,34795945984,4093640704,1853358080,148637745152,287834112,32980992,0,320815104,1343755888128,689471107200,45544448,2097152,,,声明矩阵收缩；逻辑字节与精度假设；主干范围；设备未测
DeepSeek-V3.2-Exp,v3.2-exp,194c67e12b1b0d6df0ef373ddcf215bc84027409,decode,expanded,1,1,4095,last,2,2,2,73098854400,20468203520,10234101760,4093640704,1853358080,99514056704,20468203520,32980992,0,20501184512,1343755888128,689471107200,45544448,2097152,,,声明矩阵收缩；逻辑字节与精度假设；主干范围；设备未测
DeepSeek-V3.2-Exp,v3.2-exp,194c67e12b1b0d6df0ef373ddcf215bc84027409,verify,latent,1,5,4095,all,2,2,2,365494272000,348299264000,173979729920,20488192000,9266790400,743548518400,288115200,33013200,0,321128400,1343755888128,689471107200,227722240,10496000,,,声明矩阵收缩；逻辑字节与精度假设；主干范围；设备未测
DeepSeek-V3.2-Exp,v3.2-exp,194c67e12b1b0d6df0ef373ddcf215bc84027409,verify,expanded,1,5,4095,all,2,2,2,365494272000,102440960000,51170508800,20488192000,9266790400,497690214400,20488192000,33013200,0,20521205200,1343755888128,689471107200,227722240,10496000,,,声明矩阵收缩；逻辑字节与精度假设；主干范围；设备未测
DeepSeek-V3.2,v3.2,a7e62ac04ecb2c0a54d736dc46601c5606cf10a6,prefill,latent,1,512,0,last,2,2,2,37426613452800,4453881085952,2231290036224,261993005056,1853358080,42144340901888,35979264,4122624,0,40101888,1343755888128,689471107200,23179307520,134217728,,,声明矩阵收缩；逻辑字节与精度假设；主干范围；设备未测
DeepSeek-V3.2,v3.2,a7e62ac04ecb2c0a54d736dc46601c5606cf10a6,prefill,expanded,1,512,0,last,2,2,2,37426613452800,1309965025280,656261775360,261993005056,1853358080,39000424841216,2558525440,4122624,0,2562648064,1343755888128,689471107200,23179307520,134217728,,,声明矩阵收缩；逻辑字节与精度假设；主干范围；设备未测
DeepSeek-V3.2,v3.2,a7e62ac04ecb2c0a54d736dc46601c5606cf10a6,decode,latent,1,1,4095,last,2,2,2,73098854400,69591891968,34795945984,4093640704,1853358080,148637745152,287834112,32980992,0,320815104,1343755888128,689471107200,45544448,2097152,,,声明矩阵收缩；逻辑字节与精度假设；主干范围；设备未测
DeepSeek-V3.2,v3.2,a7e62ac04ecb2c0a54d736dc46601c5606cf10a6,decode,expanded,1,1,4095,last,2,2,2,73098854400,20468203520,10234101760,4093640704,1853358080,99514056704,20468203520,32980992,0,20501184512,1343755888128,689471107200,45544448,2097152,,,声明矩阵收缩；逻辑字节与精度假设；主干范围；设备未测
DeepSeek-V3.2,v3.2,a7e62ac04ecb2c0a54d736dc46601c5606cf10a6,verify,latent,1,5,4095,all,2,2,2,365494272000,348299264000,173979729920,20488192000,9266790400,743548518400,288115200,33013200,0,321128400,1343755888128,689471107200,227722240,10496000,,,声明矩阵收缩；逻辑字节与精度假设；主干范围；设备未测
DeepSeek-V3.2,v3.2,a7e62ac04ecb2c0a54d736dc46601c5606cf10a6,verify,expanded,1,5,4095,all,2,2,2,365494272000,102440960000,51170508800,20488192000,9266790400,497690214400,20488192000,33013200,0,20521205200,1343755888128,689471107200,227722240,10496000,,,声明矩阵收缩；逻辑字节与精度假设；主干范围；设备未测
DeepSeek-V4-Flash-Base,v4-flash-base,8855555deef230a27a21a8d6f294b7b7497759b6,prefill,latent,1,512,0,last,2,2,2,13044352548864,555124523008,415422742528,22548578304,1059061760,13623084711936,8470528,688128,12206080,21364736,568664480942,294673469000,12462674432,33554432,,,声明矩阵收缩；逻辑字节与精度假设；主干范围；设备未测
DeepSeek-V4-Flash-Base,v4-flash-base,8855555deef230a27a21a8d6f294b7b7497759b6,decode,latent,1,1,4095,last,2,2,2,25477251072,2214592512,2214592512,352321536,1059061760,29103226880,28311552,5505024,12206080,46022656,568664480942,294673469000,24607392,163840,,,声明矩阵收缩；逻辑字节与精度假设；主干范围；设备未测
DeepSeek-V4-Flash-Base,v4-flash-base,8855555deef230a27a21a8d6f294b7b7497759b6,verify,latent,1,5,4095,all,2,2,2,127386255360,11072962560,11072962560,1763328000,5295308800,145517854720,28333056,5510400,12206080,46049536,568664480942,294673469000,123036960,819200,,,声明矩阵收缩；逻辑字节与精度假设；主干范围；设备未测
DeepSeek-V4-Flash,v4-flash,60d8d70770c6776ff598c94bb586a859a38244f1,prefill,latent,1,512,0,last,2,2,2,13044352548864,555124523008,415422742528,22548578304,1059061760,13623084711936,8470528,688128,12206080,21364736,568664480942,159609485896,12462674432,33554432,,,声明矩阵收缩；逻辑字节与精度假设；主干范围；设备未测
DeepSeek-V4-Flash,v4-flash,60d8d70770c6776ff598c94bb586a859a38244f1,decode,latent,1,1,4095,last,2,2,2,25477251072,2214592512,2214592512,352321536,1059061760,29103226880,28311552,5505024,12206080,46022656,568664480942,159609485896,24607392,163840,,,声明矩阵收缩；逻辑字节与精度假设；主干范围；设备未测
DeepSeek-V4-Flash,v4-flash,60d8d70770c6776ff598c94bb586a859a38244f1,verify,latent,1,5,4095,all,2,2,2,127386255360,11072962560,11072962560,1763328000,5295308800,145517854720,28333056,5510400,12206080,46049536,568664480942,159609485896,123036960,819200,,,声明矩阵收缩；逻辑字节与精度假设；主干范围；设备未测
DeepSeek-V4-Pro-Base,v4-pro-base,98730c030fbdbaca4950788280a35c4642b208a9,prefill,latent,1,512,0,last,2,2,2,49072484384768,1580011094016,1180963962880,32212254720,1853358080,50686561091584,12054528,983040,18710528,31748096,3145994403526,1606032540792,31258438144,67108864,,,声明矩阵收缩；逻辑字节与精度假设；主干范围；设备未测
DeepSeek-V4-Pro-Base,v4-pro-base,98730c030fbdbaca4950788280a35c4642b208a9,decode,latent,1,1,4095,last,2,2,2,95844696064,10359930880,10359930880,503316480,1853358080,108561301504,40468480,7864320,18710528,67043328,3145994403526,1606032540792,61324000,589824,,,声明矩阵收缩；逻辑字节与精度假设；主干范围；设备未测
DeepSeek-V4-Pro-Base,v4-pro-base,98730c030fbdbaca4950788280a35c4642b208a9,verify,latent,1,5,4095,all,2,2,2,479223480320,51799654400,51799654400,2519040000,9266790400,542808965120,40499200,7872000,18710528,67081728,3145994403526,1606032540792,306620000,2949120,,,声明矩阵收缩；逻辑字节与精度假设；主干范围；设备未测
DeepSeek-V4-Pro,v4-pro,b5968e9190ef611bbf34a7229255be88a0e937c1,prefill,latent,1,512,0,last,2,2,2,49072484384768,1580011094016,1180963962880,32212254720,1853358080,50686561091584,12054528,983040,18710528,31748096,3145994403526,864704792696,31258438144,67108864,,,声明矩阵收缩；逻辑字节与精度假设；主干范围；设备未测
DeepSeek-V4-Pro,v4-pro,b5968e9190ef611bbf34a7229255be88a0e937c1,decode,latent,1,1,4095,last,2,2,2,95844696064,10359930880,10359930880,503316480,1853358080,108561301504,40468480,7864320,18710528,67043328,3145994403526,864704792696,61324000,589824,,,声明矩阵收缩；逻辑字节与精度假设；主干范围；设备未测
DeepSeek-V4-Pro,v4-pro,b5968e9190ef611bbf34a7229255be88a0e937c1,verify,latent,1,5,4095,all,2,2,2,479223480320,51799654400,51799654400,2519040000,9266790400,542808965120,40499200,7872000,18710528,67081728,3145994403526,864704792696,306620000,2949120,,,声明矩阵收缩；逻辑字节与精度假设；主干范围；设备未测
DeepSeek-V4-Flash-DSpark,v4-flash-dspark,62af8fffb2f7030cac4de2f0169f5b8d1101b646,prefill,latent,1,512,0,last,2,2,2,13044352548864,555124523008,415422742528,22548578304,1059061760,13623084711936,8470528,688128,12206080,21364736,568664480942,166878536440,12462674432,33554432,,,声明矩阵收缩；逻辑字节与精度假设；主干范围；设备未测
DeepSeek-V4-Flash-DSpark,v4-flash-dspark,62af8fffb2f7030cac4de2f0169f5b8d1101b646,decode,latent,1,1,4095,last,2,2,2,25477251072,2214592512,2214592512,352321536,1059061760,29103226880,28311552,5505024,12206080,46022656,568664480942,166878536440,24607392,163840,,,声明矩阵收缩；逻辑字节与精度假设；主干范围；设备未测
DeepSeek-V4-Flash-DSpark,v4-flash-dspark,62af8fffb2f7030cac4de2f0169f5b8d1101b646,verify,latent,1,5,4095,all,2,2,2,127386255360,11072962560,11072962560,1763328000,5295308800,145517854720,28333056,5510400,12206080,46049536,568664480942,166878536440,123036960,819200,,,声明矩阵收缩；逻辑字节与精度假设；主干范围；设备未测
DeepSeek-V4-Pro-DSpark,v4-pro-dspark,7c09739fd136abfb70a49ec334157f65f45b52cd,prefill,latent,1,512,0,last,2,2,2,49072484384768,1580011094016,1180963962880,32212254720,1853358080,50686561091584,12054528,983040,18710528,31748096,3145994403526,892727580904,31258438144,67108864,,,声明矩阵收缩；逻辑字节与精度假设；主干范围；设备未测
DeepSeek-V4-Pro-DSpark,v4-pro-dspark,7c09739fd136abfb70a49ec334157f65f45b52cd,decode,latent,1,1,4095,last,2,2,2,95844696064,10359930880,10359930880,503316480,1853358080,108561301504,40468480,7864320,18710528,67043328,3145994403526,892727580904,61324000,589824,,,声明矩阵收缩；逻辑字节与精度假设；主干范围；设备未测
DeepSeek-V4-Pro-DSpark,v4-pro-dspark,7c09739fd136abfb70a49ec334157f65f45b52cd,verify,latent,1,5,4095,all,2,2,2,479223480320,51799654400,51799654400,2519040000,9266790400,542808965120,40499200,7872000,18710528,67081728,3145994403526,892727580904,306620000,2949120,,,声明矩阵收缩；逻辑字节与精度假设；主干范围；设备未测
DeepSeek-V4-Flash-0731,v4-flash-0731,7872f01b1d1fe23eabc4c98b48bffcef5a386062,prefill,latent,1,512,0,last,2,2,2,13044352548864,555124523008,415422742528,22548578304,1059061760,13623084711936,8470528,688128,12206080,21364736,568664480942,166878536440,12462674432,33554432,,,声明矩阵收缩；逻辑字节与精度假设；主干范围；设备未测
DeepSeek-V4-Flash-0731,v4-flash-0731,7872f01b1d1fe23eabc4c98b48bffcef5a386062,decode,latent,1,1,4095,last,2,2,2,25477251072,2214592512,2214592512,352321536,1059061760,29103226880,28311552,5505024,12206080,46022656,568664480942,166878536440,24607392,163840,,,声明矩阵收缩；逻辑字节与精度假设；主干范围；设备未测
DeepSeek-V4-Flash-0731,v4-flash-0731,7872f01b1d1fe23eabc4c98b48bffcef5a386062,verify,latent,1,5,4095,all,2,2,2,127386255360,11072962560,11072962560,1763328000,5295308800,145517854720,28333056,5510400,12206080,46049536,568664480942,166878536440,123036960,819200,,,声明矩阵收缩；逻辑字节与精度假设；主干范围；设备未测
DeepSeek-V4-Pro-0813,v4-pro-0813,72e1d3230f6c080a530b0a1d46f8eb4602340597,prefill,latent,1,512,0,last,2,2,2,49072484384768,1580011094016,1180963962880,32212254720,1853358080,50686561091584,12054528,983040,18710528,31748096,3145994403526,892727580904,31258438144,67108864,,,声明矩阵收缩；逻辑字节与精度假设；主干范围；设备未测
DeepSeek-V4-Pro-0813,v4-pro-0813,72e1d3230f6c080a530b0a1d46f8eb4602340597,decode,latent,1,1,4095,last,2,2,2,95844696064,10359930880,10359930880,503316480,1853358080,108561301504,40468480,7864320,18710528,67043328,3145994403526,892727580904,61324000,589824,,,声明矩阵收缩；逻辑字节与精度假设；主干范围；设备未测
DeepSeek-V4-Pro-0813,v4-pro-0813,72e1d3230f6c080a530b0a1d46f8eb4602340597,verify,latent,1,5,4095,all,2,2,2,479223480320,51799654400,51799654400,2519040000,9266790400,542808965120,40499200,7872000,18710528,67081728,3145994403526,892727580904,306620000,2949120,,,声明矩阵收缩；逻辑字节与精度假设；主干范围；设备未测
