模型,TP,DP,EP,非专家容量假设,B/replica,Q,history,冗余专家总数,weight B/元素,通信 B/元素,远端路由比例,AllReduce 次数/层,每 rank 逻辑参数,每 rank 权重 bytes,Dispatch bytes/MoE层,Combine bytes/MoE层,所有 MoE层发送 bytes,均匀每 rank MoE发送 bytes,每 rank TP ring发送 bytes,所有 TP组 ring发送 bytes,P/D主 KV bytes/replica,Index cache bytes/replica,实测通信 ms,实测峰值显存 bytes,范围
DeepSeek-V2,1,1,1,replicated,2,1,4095,0,2,2,0,1,235741434880,471482869760,0,0,0,0,0,0,566231040,0,,,均分/路由/ring/精度为显式假设；量化 metadata、padding、ABI 与运行布局另核对
DeepSeek-V2,1,8,8,replicated,2,1,4095,0,2,2,0.875,1,40863585280,81727170560,860160,860160,101498880,12687360,0,0,566231040,0,,,均分/路由/ring/精度为显式假设；量化 metadata、padding、ABI 与运行布局另核对
DeepSeek-V2,2,4,8,uniform-tp,2,1,4095,0,2,2,0.875,1,34352010240,68704020480,430080,430080,50749440,6343680,1228800,9830400,566231040,0,,,均分/路由/ring/精度为显式假设；量化 metadata、padding、ABI 与运行布局另核对
DeepSeek-V3-Base,1,1,1,replicated,2,1,4095,0,2,2,0,1,671026419200,1342052838400,0,0,0,0,0,0,575668224,0,,,均分/路由/ring/精度为显式假设；量化 metadata、padding、ABI 与运行布局另核对
DeepSeek-V3-Base,1,8,8,replicated,2,1,4095,0,2,2,0.875,1,98856244736,197712489472,1605632,1605632,186253312,23281664,0,0,575668224,0,,,均分/路由/ring/精度为显式假设；量化 metadata、padding、ABI 与运行布局另核对
DeepSeek-V3-Base,2,4,8,uniform-tp,2,1,4095,0,2,2,0.875,1,90297931264,180595862528,802816,802816,93126656,11640832,1748992,13991936,575668224,0,,,均分/路由/ring/精度为显式假设；量化 metadata、padding、ABI 与运行布局另核对
DeepSeek-V3,1,1,1,replicated,2,1,4095,0,2,2,0,1,671026419200,1342052838400,0,0,0,0,0,0,575668224,0,,,均分/路由/ring/精度为显式假设；量化 metadata、padding、ABI 与运行布局另核对
DeepSeek-V3,1,8,8,replicated,2,1,4095,0,2,2,0.875,1,98856244736,197712489472,1605632,1605632,186253312,23281664,0,0,575668224,0,,,均分/路由/ring/精度为显式假设；量化 metadata、padding、ABI 与运行布局另核对
DeepSeek-V3,2,4,8,uniform-tp,2,1,4095,0,2,2,0.875,1,90297931264,180595862528,802816,802816,93126656,11640832,1748992,13991936,575668224,0,,,均分/路由/ring/精度为显式假设；量化 metadata、padding、ABI 与运行布局另核对
DeepSeek-R1-Zero,1,1,1,replicated,2,1,4095,0,2,2,0,1,671026419200,1342052838400,0,0,0,0,0,0,575668224,0,,,均分/路由/ring/精度为显式假设；量化 metadata、padding、ABI 与运行布局另核对
DeepSeek-R1-Zero,1,8,8,replicated,2,1,4095,0,2,2,0.875,1,98856244736,197712489472,1605632,1605632,186253312,23281664,0,0,575668224,0,,,均分/路由/ring/精度为显式假设；量化 metadata、padding、ABI 与运行布局另核对
DeepSeek-R1-Zero,2,4,8,uniform-tp,2,1,4095,0,2,2,0.875,1,90297931264,180595862528,802816,802816,93126656,11640832,1748992,13991936,575668224,0,,,均分/路由/ring/精度为显式假设；量化 metadata、padding、ABI 与运行布局另核对
DeepSeek-R1,1,1,1,replicated,2,1,4095,0,2,2,0,1,671026419200,1342052838400,0,0,0,0,0,0,575668224,0,,,均分/路由/ring/精度为显式假设；量化 metadata、padding、ABI 与运行布局另核对
DeepSeek-R1,1,8,8,replicated,2,1,4095,0,2,2,0.875,1,98856244736,197712489472,1605632,1605632,186253312,23281664,0,0,575668224,0,,,均分/路由/ring/精度为显式假设；量化 metadata、padding、ABI 与运行布局另核对
DeepSeek-R1,2,4,8,uniform-tp,2,1,4095,0,2,2,0.875,1,90297931264,180595862528,802816,802816,93126656,11640832,1748992,13991936,575668224,0,,,均分/路由/ring/精度为显式假设；量化 metadata、padding、ABI 与运行布局另核对
DeepSeek-R1-Distill-Qwen-1.5B,1,1,1,replicated,2,1,4095,0,2,2,0,1,1777088000,3554176000,0,0,0,0,0,0,234881024,0,,,均分/路由/ring/精度为显式假设；量化 metadata、padding、ABI 与运行布局另核对
DeepSeek-R1-Distill-Qwen-1.5B,1,8,1,replicated,2,1,4095,0,2,2,0,1,1777088000,3554176000,0,0,0,0,0,0,234881024,0,,,均分/路由/ring/精度为显式假设；量化 metadata、padding、ABI 与运行布局另核对
DeepSeek-R1-Distill-Qwen-1.5B,2,4,1,uniform-tp,2,1,4095,0,2,2,0,1,888616448,1777232896,0,0,0,0,172032,1376256,234881024,0,,,均分/路由/ring/精度为显式假设；量化 metadata、padding、ABI 与运行布局另核对
DeepSeek-R1-Distill-Qwen-7B,1,1,1,replicated,2,1,4095,0,2,2,0,1,7615616512,15231233024,0,0,0,0,0,0,469762048,0,,,均分/路由/ring/精度为显式假设；量化 metadata、padding、ABI 与运行布局另核对
DeepSeek-R1-Distill-Qwen-7B,1,8,1,replicated,2,1,4095,0,2,2,0,1,7615616512,15231233024,0,0,0,0,0,0,469762048,0,,,均分/路由/ring/精度为显式假设；量化 metadata、padding、ABI 与运行布局另核对
DeepSeek-R1-Distill-Qwen-7B,2,4,1,uniform-tp,2,1,4095,0,2,2,0,1,3807974912,7615949824,0,0,0,0,401408,3211264,469762048,0,,,均分/路由/ring/精度为显式假设；量化 metadata、padding、ABI 与运行布局另核对
DeepSeek-R1-Distill-Qwen-14B,1,1,1,replicated,2,1,4095,0,2,2,0,1,14770033664,29540067328,0,0,0,0,0,0,1610612736,0,,,均分/路由/ring/精度为显式假设；量化 metadata、padding、ABI 与运行布局另核对
DeepSeek-R1-Distill-Qwen-14B,1,8,1,replicated,2,1,4095,0,2,2,0,1,14770033664,29540067328,0,0,0,0,0,0,1610612736,0,,,均分/路由/ring/精度为显式假设；量化 metadata、padding、ABI 与运行布局另核对
DeepSeek-R1-Distill-Qwen-14B,2,4,1,uniform-tp,2,1,4095,0,2,2,0,1,7385437184,14770874368,0,0,0,0,983040,7864320,1610612736,0,,,均分/路由/ring/精度为显式假设；量化 metadata、padding、ABI 与运行布局另核对
DeepSeek-R1-Distill-Qwen-32B,1,1,1,replicated,2,1,4095,0,2,2,0,1,32763876352,65527752704,0,0,0,0,0,0,2147483648,0,,,均分/路由/ring/精度为显式假设；量化 metadata、padding、ABI 与运行布局另核对
DeepSeek-R1-Distill-Qwen-32B,1,8,1,replicated,2,1,4095,0,2,2,0,1,32763876352,65527752704,0,0,0,0,0,0,2147483648,0,,,均分/路由/ring/精度为显式假设；量化 metadata、padding、ABI 与运行布局另核对
DeepSeek-R1-Distill-Qwen-32B,2,4,1,uniform-tp,2,1,4095,0,2,2,0,1,16382497792,32764995584,0,0,0,0,1310720,10485760,2147483648,0,,,均分/路由/ring/精度为显式假设；量化 metadata、padding、ABI 与运行布局另核对
DeepSeek-R1-Distill-Llama-8B,1,1,1,replicated,2,1,4095,0,2,2,0,1,8030261248,16060522496,0,0,0,0,0,0,1073741824,0,,,均分/路由/ring/精度为显式假设；量化 metadata、padding、ABI 与运行布局另核对
DeepSeek-R1-Distill-Llama-8B,1,8,1,replicated,2,1,4095,0,2,2,0,1,8030261248,16060522496,0,0,0,0,0,0,1073741824,0,,,均分/路由/ring/精度为显式假设；量化 metadata、padding、ABI 与运行布局另核对
DeepSeek-R1-Distill-Llama-8B,2,4,1,uniform-tp,2,1,4095,0,2,2,0,1,4015263744,8030527488,0,0,0,0,524288,4194304,1073741824,0,,,均分/路由/ring/精度为显式假设；量化 metadata、padding、ABI 与运行布局另核对
DeepSeek-R1-Distill-Llama-70B,1,1,1,replicated,2,1,4095,0,2,2,0,1,70553706496,141107412992,0,0,0,0,0,0,2684354560,0,,,均分/路由/ring/精度为显式假设；量化 metadata、padding、ABI 与运行布局另核对
DeepSeek-R1-Distill-Llama-70B,1,8,1,replicated,2,1,4095,0,2,2,0,1,70553706496,141107412992,0,0,0,0,0,0,2684354560,0,,,均分/路由/ring/精度为显式假设；量化 metadata、padding、ABI 与运行布局另核对
DeepSeek-R1-Distill-Llama-70B,2,4,1,uniform-tp,2,1,4095,0,2,2,0,1,35277512704,70555025408,0,0,0,0,2621440,20971520,2684354560,0,,,均分/路由/ring/精度为显式假设；量化 metadata、padding、ABI 与运行布局另核对
DeepSeek-V3.2-Exp,1,1,1,replicated,2,1,4095,0,2,2,0,1,671877944064,1343755888128,0,0,0,0,0,0,575668224,65961984,,,均分/路由/ring/精度为显式假设；量化 metadata、padding、ABI 与运行布局另核对
DeepSeek-V3.2-Exp,1,8,8,replicated,2,1,4095,0,2,2,0.875,1,99707769600,199415539200,1605632,1605632,186253312,23281664,0,0,575668224,65961984,,,均分/路由/ring/精度为显式假设；量化 metadata、padding、ABI 与运行布局另核对
DeepSeek-V3.2-Exp,2,4,8,uniform-tp,2,1,4095,0,2,2,0.875,1,90723701504,181447403008,802816,802816,93126656,11640832,1748992,13991936,575668224,65961984,,,均分/路由/ring/精度为显式假设；量化 metadata、padding、ABI 与运行布局另核对
DeepSeek-V3.2,1,1,1,replicated,2,1,4095,0,2,2,0,1,671877944064,1343755888128,0,0,0,0,0,0,575668224,65961984,,,均分/路由/ring/精度为显式假设；量化 metadata、padding、ABI 与运行布局另核对
DeepSeek-V3.2,1,8,8,replicated,2,1,4095,0,2,2,0.875,1,99707769600,199415539200,1605632,1605632,186253312,23281664,0,0,575668224,65961984,,,均分/路由/ring/精度为显式假设；量化 metadata、padding、ABI 与运行布局另核对
DeepSeek-V3.2,2,4,8,uniform-tp,2,1,4095,0,2,2,0.875,1,90723701504,181447403008,802816,802816,93126656,11640832,1748992,13991936,575668224,65961984,,,均分/路由/ring/精度为显式假设；量化 metadata、padding、ABI 与运行布局另核对
DeepSeek-V4-Flash-Base,1,1,1,replicated,2,1,4095,0,2,2,0,1,284332240471,568664480942,0,0,0,0,0,0,56623104,11010048,,,均分/路由/ring/精度为显式假设；量化 metadata、padding、ABI 与运行布局另核对
DeepSeek-V4-Flash-Base,1,8,8,replicated,2,1,4095,0,2,2,0.875,1,41935023703,83870047406,688128,688128,59179008,7397376,0,0,56623104,11010048,,,均分/路由/ring/精度为显式假设；量化 metadata、padding、ABI 与运行布局另核对
DeepSeek-V4-Flash-Base,2,4,8,uniform-tp,2,1,4095,0,2,2,0.875,1,38282538583,76565077166,344064,344064,29589504,3698688,704512,5636096,56623104,11010048,,,均分/路由/ring/精度为显式假设；量化 metadata、padding、ABI 与运行布局另核对
DeepSeek-V4-Flash,1,1,1,replicated,2,1,4095,0,2,2,0,1,284332240471,568664480942,0,0,0,0,0,0,56623104,11010048,,,均分/路由/ring/精度为显式假设；量化 metadata、padding、ABI 与运行布局另核对
DeepSeek-V4-Flash,1,8,8,replicated,2,1,4095,0,2,2,0.875,1,41935023703,83870047406,688128,688128,59179008,7397376,0,0,56623104,11010048,,,均分/路由/ring/精度为显式假设；量化 metadata、padding、ABI 与运行布局另核对
DeepSeek-V4-Flash,2,4,8,uniform-tp,2,1,4095,0,2,2,0.875,1,38282538583,76565077166,344064,344064,29589504,3698688,704512,5636096,56623104,11010048,,,均分/路由/ring/精度为显式假设；量化 metadata、padding、ABI 与运行布局另核对
DeepSeek-V4-Pro-Base,1,1,1,replicated,2,1,4095,0,2,2,0,1,1572997201763,3145994403526,0,0,0,0,0,0,80936960,15728640,,,均分/路由/ring/精度为显式假设；量化 metadata、padding、ABI 与运行布局另核对
DeepSeek-V4-Pro-Base,1,8,8,replicated,2,1,4095,0,2,2,0.875,1,219025538915,438051077830,1204224,1204224,146915328,18364416,0,0,80936960,15728640,,,均分/路由/ring/精度为显式假设；量化 metadata、padding、ABI 与运行布局另核对
DeepSeek-V4-Pro-Base,2,4,8,uniform-tp,2,1,4095,0,2,2,0.875,1,206226661219,412453322438,602112,602112,73457664,9182208,1748992,13991936,80936960,15728640,,,均分/路由/ring/精度为显式假设；量化 metadata、padding、ABI 与运行布局另核对
DeepSeek-V4-Pro,1,1,1,replicated,2,1,4095,0,2,2,0,1,1572997201763,3145994403526,0,0,0,0,0,0,80936960,15728640,,,均分/路由/ring/精度为显式假设；量化 metadata、padding、ABI 与运行布局另核对
DeepSeek-V4-Pro,1,8,8,replicated,2,1,4095,0,2,2,0.875,1,219025538915,438051077830,1204224,1204224,146915328,18364416,0,0,80936960,15728640,,,均分/路由/ring/精度为显式假设；量化 metadata、padding、ABI 与运行布局另核对
DeepSeek-V4-Pro,2,4,8,uniform-tp,2,1,4095,0,2,2,0.875,1,206226661219,412453322438,602112,602112,73457664,9182208,1748992,13991936,80936960,15728640,,,均分/路由/ring/精度为显式假设；量化 metadata、padding、ABI 与运行布局另核对
DeepSeek-V4-Flash-DSpark,1,1,1,replicated,2,1,4095,0,2,2,0,1,284332240471,568664480942,0,0,0,0,0,0,56623104,11010048,,,均分/路由/ring/精度为显式假设；量化 metadata、padding、ABI 与运行布局另核对
DeepSeek-V4-Flash-DSpark,1,8,8,replicated,2,1,4095,0,2,2,0.875,1,41935023703,83870047406,688128,688128,59179008,7397376,0,0,56623104,11010048,,,均分/路由/ring/精度为显式假设；量化 metadata、padding、ABI 与运行布局另核对
DeepSeek-V4-Flash-DSpark,2,4,8,uniform-tp,2,1,4095,0,2,2,0.875,1,38282538583,76565077166,344064,344064,29589504,3698688,704512,5636096,56623104,11010048,,,均分/路由/ring/精度为显式假设；量化 metadata、padding、ABI 与运行布局另核对
DeepSeek-V4-Pro-DSpark,1,1,1,replicated,2,1,4095,0,2,2,0,1,1572997201763,3145994403526,0,0,0,0,0,0,80936960,15728640,,,均分/路由/ring/精度为显式假设；量化 metadata、padding、ABI 与运行布局另核对
DeepSeek-V4-Pro-DSpark,1,8,8,replicated,2,1,4095,0,2,2,0.875,1,219025538915,438051077830,1204224,1204224,146915328,18364416,0,0,80936960,15728640,,,均分/路由/ring/精度为显式假设；量化 metadata、padding、ABI 与运行布局另核对
DeepSeek-V4-Pro-DSpark,2,4,8,uniform-tp,2,1,4095,0,2,2,0.875,1,206226661219,412453322438,602112,602112,73457664,9182208,1748992,13991936,80936960,15728640,,,均分/路由/ring/精度为显式假设；量化 metadata、padding、ABI 与运行布局另核对
DeepSeek-V4-Flash-0731,1,1,1,replicated,2,1,4095,0,2,2,0,1,284332240471,568664480942,0,0,0,0,0,0,56623104,11010048,,,均分/路由/ring/精度为显式假设；量化 metadata、padding、ABI 与运行布局另核对
DeepSeek-V4-Flash-0731,1,8,8,replicated,2,1,4095,0,2,2,0.875,1,41935023703,83870047406,688128,688128,59179008,7397376,0,0,56623104,11010048,,,均分/路由/ring/精度为显式假设；量化 metadata、padding、ABI 与运行布局另核对
DeepSeek-V4-Flash-0731,2,4,8,uniform-tp,2,1,4095,0,2,2,0.875,1,38282538583,76565077166,344064,344064,29589504,3698688,704512,5636096,56623104,11010048,,,均分/路由/ring/精度为显式假设；量化 metadata、padding、ABI 与运行布局另核对
DeepSeek-V4-Pro-0813,1,1,1,replicated,2,1,4095,0,2,2,0,1,1572997201763,3145994403526,0,0,0,0,0,0,80936960,15728640,,,均分/路由/ring/精度为显式假设；量化 metadata、padding、ABI 与运行布局另核对
DeepSeek-V4-Pro-0813,1,8,8,replicated,2,1,4095,0,2,2,0.875,1,219025538915,438051077830,1204224,1204224,146915328,18364416,0,0,80936960,15728640,,,均分/路由/ring/精度为显式假设；量化 metadata、padding、ABI 与运行布局另核对
DeepSeek-V4-Pro-0813,2,4,8,uniform-tp,2,1,4095,0,2,2,0.875,1,206226661219,412453322438,602112,602112,73457664,9182208,1748992,13991936,80936960,15728640,,,均分/路由/ring/精度为显式假设；量化 metadata、padding、ABI 与运行布局另核对
