家族,模型,分支,固定 revision,主干层,注意力结构,逻辑参数,权重有效载荷 bytes,精度披露/配置,核验深度,参数统计范围,Cache 表示/公式,官方/固定来源
Kimi,K1,历史,,,,,,,资料/历史条目；未补推结构,该条目未提供独立架构表；未知事实保留未知,,
Kimi,K1.5,历史,,,,,,,资料/历史条目；未补推结构,该条目未提供独立架构表；未知事实保留未知,,https://arxiv.org/abs/2501.12599
Kimi,Kimi-K2-Base,主线,,61,MLA,,,FP8 主体；BF16 / F32 辅助,结构表可读；各事实仍按各自证据类别核对,配置推导；尺寸模板来自同尺寸 Instruct，不代表 Base 文件头已审计。,"{""mla"":""优化 MLA 通常缓存每层每 token 576 个元素；BF16 下为 1152 字节。参考实现可能缓存展开的 K/V，实际内存取决于引擎。"",""kda"":""KDA 保留固定矩阵状态。K3 为每层 96 × 128 × 128 元素，另有短卷积状态；FP32 状态假设下计算，不能当作实测显存。"",""vision"":""视觉编码阶段的激活和注意力工作区，不等同于语言生成的 KV 缓存。""}",https://huggingface.co/moonshotai/Kimi-K2-Base
Kimi,Kimi-K2-Instruct,主线,fd1984e2b7a3350dbf7305fe73a4ede25c14de50,61,MLA,1026408232448,1029173256720,FP8 主体；BF16 / F32 辅助,结构表可读；各事实仍按各自证据类别核对,固定检查点文件头与官方配置；只展示形状和参数，不加载真实权重。,"{""mla"":""优化 MLA 通常缓存每层每 token 576 个元素；BF16 下为 1152 字节。参考实现可能缓存展开的 K/V，实际内存取决于引擎。"",""kda"":""KDA 保留固定矩阵状态。K3 为每层 96 × 128 × 128 元素，另有短卷积状态；FP32 状态假设下计算，不能当作实测显存。"",""vision"":""视觉编码阶段的激活和注意力工作区，不等同于语言生成的 KV 缓存。""}",https://huggingface.co/moonshotai/Kimi-K2-Instruct
Kimi,Kimi-K2-Instruct-0905,主线,ac6c49f04883bd0a0598b790693a72061c676629,61,MLA,1026408232448,1029173265504,FP8 主体；BF16 / F32 辅助,结构表可读；各事实仍按各自证据类别核对,固定检查点文件头与官方配置；只展示形状和参数，不加载真实权重。,"{""mla"":""优化 MLA 通常缓存每层每 token 576 个元素；BF16 下为 1152 字节。参考实现可能缓存展开的 K/V，实际内存取决于引擎。"",""kda"":""KDA 保留固定矩阵状态。K3 为每层 96 × 128 × 128 元素，另有短卷积状态；FP32 状态假设下计算，不能当作实测显存。"",""vision"":""视觉编码阶段的激活和注意力工作区，不等同于语言生成的 KV 缓存。""}",https://huggingface.co/moonshotai/Kimi-K2-Instruct-0905
Kimi,Kimi-K2-Thinking,主线,a51ccc050d73dab088bf7b0e2dd9b30ae85a4e55,61,MLA,1026408232448,594205920512,路由专家 INT4；其他主要模块 BF16,结构表可读；各事实仍按各自证据类别核对,固定检查点文件头与官方配置；只展示形状和参数，不加载真实权重。,"{""mla"":""优化 MLA 通常缓存每层每 token 576 个元素；BF16 下为 1152 字节。参考实现可能缓存展开的 K/V，实际内存取决于引擎。"",""kda"":""KDA 保留固定矩阵状态。K3 为每层 96 × 128 × 128 元素，另有短卷积状态；FP32 状态假设下计算，不能当作实测显存。"",""vision"":""视觉编码阶段的激活和注意力工作区，不等同于语言生成的 KV 缓存。""}",https://huggingface.co/moonshotai/Kimi-K2-Thinking
Kimi,Kimi-K2.5,主线,4d01dfe0332d63057c186e0b262165819efb6611,61,MLA,1026879376368,595148192736,路由专家 INT4；其他主要模块 BF16,结构表可读；各事实仍按各自证据类别核对,固定检查点文件头与官方配置；只展示形状和参数，不加载真实权重。,"{""mla"":""优化 MLA 通常缓存每层每 token 576 个元素；BF16 下为 1152 字节。参考实现可能缓存展开的 K/V，实际内存取决于引擎。"",""kda"":""KDA 保留固定矩阵状态。K3 为每层 96 × 128 × 128 元素，另有短卷积状态；FP32 状态假设下计算，不能当作实测显存。"",""vision"":""视觉编码阶段的激活和注意力工作区，不等同于语言生成的 KV 缓存。""}",https://huggingface.co/moonshotai/Kimi-K2.5
Kimi,Kimi-K2.6,主线,7eb5002f6aadc958aed6a9177b7ed26bb94011bb,61,MLA,1026879376368,595148192736,路由专家 INT4；其他主要模块 BF16,结构表可读；各事实仍按各自证据类别核对,固定检查点文件头与官方配置；只展示形状和参数，不加载真实权重。,"{""mla"":""优化 MLA 通常缓存每层每 token 576 个元素；BF16 下为 1152 字节。参考实现可能缓存展开的 K/V，实际内存取决于引擎。"",""kda"":""KDA 保留固定矩阵状态。K3 为每层 96 × 128 × 128 元素，另有短卷积状态；FP32 状态假设下计算，不能当作实测显存。"",""vision"":""视觉编码阶段的激活和注意力工作区，不等同于语言生成的 KV 缓存。""}",https://huggingface.co/moonshotai/Kimi-K2.6
Kimi,Kimi-K2.7-Code,主线,74797c9c62378b951a1f6fcf5c4631024e9b8bef,61,MLA,1026879376368,595148192736,路由专家 INT4；其他主要模块 BF16,结构表可读；各事实仍按各自证据类别核对,固定检查点文件头与官方配置；只展示形状和参数，不加载真实权重。,"{""mla"":""优化 MLA 通常缓存每层每 token 576 个元素；BF16 下为 1152 字节。参考实现可能缓存展开的 K/V，实际内存取决于引擎。"",""kda"":""KDA 保留固定矩阵状态。K3 为每层 96 × 128 × 128 元素，另有短卷积状态；FP32 状态假设下计算，不能当作实测显存。"",""vision"":""视觉编码阶段的激活和注意力工作区，不等同于语言生成的 KV 缓存。""}",https://huggingface.co/moonshotai/Kimi-K2.7-Code
Kimi,Kimi-K3,主线,f831ab66814297da540d832a5235f8e904f29d06,93,69 KDA + 24 Gated MLA,2779931837184,1560860324864,路由专家 MXFP4 + QAT；其他模块 BF16 / F32,结构表可读；各事实仍按各自证据类别核对,固定检查点文件头与官方配置；只展示形状和参数，不加载真实权重。,"{""mla"":""优化 MLA 通常缓存每层每 token 576 个元素；BF16 下为 1152 字节。参考实现可能缓存展开的 K/V，实际内存取决于引擎。"",""kda"":""KDA 保留固定矩阵状态。K3 为每层 96 × 128 × 128 元素，另有短卷积状态；FP32 状态假设下计算，不能当作实测显存。"",""vision"":""视觉编码阶段的激活和注意力工作区，不等同于语言生成的 KV 缓存。""}",https://huggingface.co/moonshotai/Kimi-K3
Kimi,Kimi-VL-A3B-Instruct,支线,,27,MLA,,,BF16（配置级）,结构表可读；各事实仍按各自证据类别核对,仅配置级结构；未审计的矩阵与参数保持为空。,"{""mla"":""优化 MLA 通常缓存每层每 token 576 个元素；BF16 下为 1152 字节。参考实现可能缓存展开的 K/V，实际内存取决于引擎。"",""kda"":""KDA 保留固定矩阵状态。K3 为每层 96 × 128 × 128 元素，另有短卷积状态；FP32 状态假设下计算，不能当作实测显存。"",""vision"":""视觉编码阶段的激活和注意力工作区，不等同于语言生成的 KV 缓存。""}",https://huggingface.co/moonshotai/Kimi-VL-A3B-Instruct
Kimi,Kimi-VL-A3B-Thinking,支线,,,,,,,资料/历史条目；未补推结构,该条目未提供独立架构表；未知事实保留未知,,https://huggingface.co/moonshotai/Kimi-VL-A3B-Thinking
Kimi,Kimi-VL-A3B-Thinking-2506,支线,,,,,,,资料/历史条目；未补推结构,该条目未提供独立架构表；未知事实保留未知,,https://huggingface.co/moonshotai/Kimi-VL-A3B-Thinking-2506
Kimi,Kimi-Audio-7B,支线,,,,,,,资料/历史条目；未补推结构,该条目未提供独立架构表；未知事实保留未知,,https://huggingface.co/moonshotai/Kimi-Audio-7B
Kimi,Kimi-Audio-7B-Instruct,支线,,28,GQA,,,BF16（配置级）,结构表可读；各事实仍按各自证据类别核对,仅展示28层文本主干，不包含额外6层MIMO、音频编码器或完整音频生成链；完整配置层清单见模型Excel下载中心。仅配置级结构，未审计的矩阵与参数保持为空。,"{""mla"":""优化 MLA 通常缓存每层每 token 576 个元素；BF16 下为 1152 字节。参考实现可能缓存展开的 K/V，实际内存取决于引擎。"",""kda"":""KDA 保留固定矩阵状态。K3 为每层 96 × 128 × 128 元素，另有短卷积状态；FP32 状态假设下计算，不能当作实测显存。"",""vision"":""视觉编码阶段的激活和注意力工作区，不等同于语言生成的 KV 缓存。""}",https://huggingface.co/moonshotai/Kimi-Audio-7B-Instruct
Kimi,Kimi-Dev-72B,支线,,,,,,,资料/历史条目；未补推结构,该条目未提供独立架构表；未知事实保留未知,,https://huggingface.co/moonshotai/Kimi-Dev-72B
Kimi,Kimi-Linear-48B-A3B-Base,支线,,,,,,,资料/历史条目；未补推结构,该条目未提供独立架构表；未知事实保留未知,,https://huggingface.co/moonshotai/Kimi-Linear-48B-A3B-Base
Kimi,Kimi-Linear-48B-A3B-Instruct,支线,,27,20 KDA + 7 MLA,,,BF16（配置级）,结构表可读；各事实仍按各自证据类别核对,仅配置级结构；未审计的矩阵与参数保持为空。 model_max_length=1048576为配置上限，不等于实测质量或硬件运行上限。,"{""mla"":""优化 MLA 通常缓存每层每 token 576 个元素；BF16 下为 1152 字节。参考实现可能缓存展开的 K/V，实际内存取决于引擎。"",""kda"":""配置级结构：KDA 保留每头矩阵状态，32 头 × 128 × 128 元素，另有短卷积状态。具体 dtype 与引擎布局未实测。"",""vision"":""视觉编码阶段的激活和注意力工作区，不等同于语言生成的 KV 缓存。""}",https://huggingface.co/moonshotai/Kimi-Linear-48B-A3B-Instruct
GLM,GLM-5,主线,,78,78 层 DSA：MLA + Lightning Indexer,,,发布 BF16 与 FP8 两种权重；配方转换为 W8A8（int8）或 MXFP8,资料/历史条目；未补推结构,该条目未提供独立架构表；未知事实保留未知,,https://huggingface.co/zai-org/GLM-5
GLM,GLM-5.2,主线,,78,78 层 DSA：MLA + Lightning Indexer，按 indexer_types 分 full / shared（IndexShare）,,,发布 BF16 权重；配方转换为 W8A8（int8）,资料/历史条目；未补推结构,该条目未提供独立架构表；未知事实保留未知,,https://huggingface.co/zai-org/GLM-5.2
GLM,GLM-5.3-Flash,主线,,45,34 KDA + 11 DSA（MLA 全程 NoPE + k-pool 压缩 indexer）,,,发布 FP8；本配方部署为 Hybrid HiF8-MXFP8-MXFP4,结构表可读；各事实仍按各自证据类别核对,"结构与逐矩阵形状来自 cann-recipes-infer 固定快照 96e5813 的 models/glm_5_3 实现，按配置默认值展开后逐项相乘得到逻辑参数；不是权重文件头审计，因此 payloadBytes 全部为空，也不代表发布权重的实际字节布局。层排布使用 configuration_glm53.py 的默认值：i%4==3 的 11 层为 DSA，其余 34 层为 KDA；前 3 层 Dense、其余 42 层 MoE。按该默认值求和为 313,326,811,966；README 所述约 306B 与“前 4 层 Dense”一致，说明发布 config.json 很可能覆盖了 first_k_dense_replace，此差异未在本站消解。stored_dtype 中的 HiF8 / MXFP8 / MXFP4 是本配方转换脚本产出的部署格式，不是智谱发布权重的原始精度（发布格式为 FP8）。","{""mla"":""DSA 层每 token 只缓存 kv_lora_rank=512 个元素的压缩潜在向量（bf16），因为 mla_use_nope=true，没有 RoPE 分量进入缓存；SFA 内核所需的 rope 操作数由常零张量合成，不占缓存。"",""kda"":""KDA 层保留短卷积状态 [conv_kernel-1, 8192] = [3, 8192]（q/k/v 各一份）与每头递推矩阵状态 [64, 128, 128]；融合递推路径下递推状态为 float32。"",""indexer"":""Indexer 另有 key / gate / pool 三份缓存，每份宽 128。pool 缓存按 index_kpool=4 压缩，即每 4 个 token 落一条 128 维记录。""}",https://huggingface.co/zai-org/GLM-5.3-Flash
DeepSeek,DeepSeek-V2,主线,4461458f186c35188585855f28f77af5661ad489,60,MLA 60 层,235741434880,471482869760,配置 torch_dtype=bfloat16,结构表可读；各事实仍按各自证据类别核对,主干浮点逻辑参数，排除 MTP/DSpark、scale、非训练 hash 表；I8/FP4 存储元素按明确打包还原逻辑矩阵。,"{""mla"":""MP=1 吸收式 cache 每 token/层为 512+64=576 个元素；展开式为 128×(128+64+128)。实际分页/精度须按运行框架核验。""}",https://huggingface.co/deepseek-ai/DeepSeek-V2/tree/4461458f186c35188585855f28f77af5661ad489
DeepSeek,DeepSeek-V3-Base,基础,afb92e1fa402c2be2a9eb085312bb02e0384d6c7,61,MLA 61 层,671026419200,673150611808,配置 FP8；scale=F32,结构表可读；各事实仍按各自证据类别核对,主干浮点逻辑参数，排除 MTP/DSpark、scale、非训练 hash 表；I8/FP4 存储元素按明确打包还原逻辑矩阵。,"{""mla"":""MP=1 吸收式 cache 每 token/层为 512+64=576 个元素；展开式为 128×(128+64+128)。实际分页/精度须按运行框架核验。""}",https://huggingface.co/deepseek-ai/DeepSeek-V3-Base/tree/afb92e1fa402c2be2a9eb085312bb02e0384d6c7
DeepSeek,DeepSeek-V3,主线,e815299b0bcbac849fa540c768ef21845365c9eb,61,MLA 61 层,671026419200,673150611808,配置 FP8；scale=F32,结构表可读；各事实仍按各自证据类别核对,主干浮点逻辑参数，排除 MTP/DSpark、scale、非训练 hash 表；I8/FP4 存储元素按明确打包还原逻辑矩阵。,"{""mla"":""MP=1 吸收式 cache 每 token/层为 512+64=576 个元素；展开式为 128×(128+64+128)。实际分页/精度须按运行框架核验。""}",https://huggingface.co/deepseek-ai/DeepSeek-V3/tree/e815299b0bcbac849fa540c768ef21845365c9eb
DeepSeek,DeepSeek-R1-Zero,后训练,72234287cbc67dbf474d911359ae32b61a2fdc7e,61,MLA 61 层,671026419200,673150611808,配置 FP8；scale=F32,结构表可读；各事实仍按各自证据类别核对,主干浮点逻辑参数，排除 MTP/DSpark、scale、非训练 hash 表；I8/FP4 存储元素按明确打包还原逻辑矩阵。,"{""mla"":""MP=1 吸收式 cache 每 token/层为 512+64=576 个元素；展开式为 128×(128+64+128)。实际分页/精度须按运行框架核验。""}",https://huggingface.co/deepseek-ai/DeepSeek-R1-Zero/tree/72234287cbc67dbf474d911359ae32b61a2fdc7e
DeepSeek,DeepSeek-R1,后训练,56d4cbbb4d29f4355bab4b9a39ccb717a14ad5ad,61,MLA 61 层,671026419200,673150611808,配置 FP8；scale=F32,结构表可读；各事实仍按各自证据类别核对,主干浮点逻辑参数，排除 MTP/DSpark、scale、非训练 hash 表；I8/FP4 存储元素按明确打包还原逻辑矩阵。,"{""mla"":""MP=1 吸收式 cache 每 token/层为 512+64=576 个元素；展开式为 128×(128+64+128)。实际分页/精度须按运行框架核验。""}",https://huggingface.co/deepseek-ai/DeepSeek-R1/tree/56d4cbbb4d29f4355bab4b9a39ccb717a14ad5ad
DeepSeek,DeepSeek-R1-Distill-Qwen-1.5B,支线,ad9f0ae0864d7fbcd1cd905e3c6c5b069cc8b562,28,GQA 28 层,1777088000,3554176000,配置 torch_dtype=bfloat16,结构表可读；各事实仍按各自证据类别核对,主干浮点逻辑参数，排除 MTP/DSpark、scale、非训练 hash 表；I8/FP4 存储元素按明确打包还原逻辑矩阵。,"{""gqa"":""KV cache [B,2,L_kv,128]，每 token/层为 2×2×128 元素；Q heads 广播对应 KV heads，不复制新增权重。底座配置与蒸馏配置分别核对，运行框架布局/精度未知。""}",https://huggingface.co/deepseek-ai/DeepSeek-R1-Distill-Qwen-1.5B/tree/ad9f0ae0864d7fbcd1cd905e3c6c5b069cc8b562
DeepSeek,DeepSeek-R1-Distill-Qwen-7B,支线,916b56a44061fd5cd7d6a8fb632557ed4f724f60,28,GQA 28 层,7615616512,15231233024,配置 torch_dtype=bfloat16,结构表可读；各事实仍按各自证据类别核对,主干浮点逻辑参数，排除 MTP/DSpark、scale、非训练 hash 表；I8/FP4 存储元素按明确打包还原逻辑矩阵。,"{""gqa"":""KV cache [B,4,L_kv,128]，每 token/层为 2×4×128 元素；Q heads 广播对应 KV heads，不复制新增权重。底座配置与蒸馏配置分别核对，运行框架布局/精度未知。""}",https://huggingface.co/deepseek-ai/DeepSeek-R1-Distill-Qwen-7B/tree/916b56a44061fd5cd7d6a8fb632557ed4f724f60
DeepSeek,DeepSeek-R1-Distill-Qwen-14B,支线,1df8507178afcc1bef68cd8c393f61a886323761,48,GQA 48 层,14770033664,29540067328,配置 torch_dtype=bfloat16,结构表可读；各事实仍按各自证据类别核对,主干浮点逻辑参数，排除 MTP/DSpark、scale、非训练 hash 表；I8/FP4 存储元素按明确打包还原逻辑矩阵。,"{""gqa"":""KV cache [B,8,L_kv,128]，每 token/层为 2×8×128 元素；Q heads 广播对应 KV heads，不复制新增权重。底座配置与蒸馏配置分别核对，运行框架布局/精度未知。""}",https://huggingface.co/deepseek-ai/DeepSeek-R1-Distill-Qwen-14B/tree/1df8507178afcc1bef68cd8c393f61a886323761
DeepSeek,DeepSeek-R1-Distill-Qwen-32B,支线,711ad2ea6aa40cfca18895e8aca02ab92df1a746,64,GQA 64 层,32763876352,65527752704,配置 torch_dtype=bfloat16,结构表可读；各事实仍按各自证据类别核对,主干浮点逻辑参数，排除 MTP/DSpark、scale、非训练 hash 表；I8/FP4 存储元素按明确打包还原逻辑矩阵。,"{""gqa"":""KV cache [B,8,L_kv,128]，每 token/层为 2×8×128 元素；Q heads 广播对应 KV heads，不复制新增权重。底座配置与蒸馏配置分别核对，运行框架布局/精度未知。""}",https://huggingface.co/deepseek-ai/DeepSeek-R1-Distill-Qwen-32B/tree/711ad2ea6aa40cfca18895e8aca02ab92df1a746
DeepSeek,DeepSeek-R1-Distill-Llama-8B,支线,6a6f4aa4197940add57724a7707d069478df56b1,32,GQA 32 层,8030261248,16060522496,配置 torch_dtype=bfloat16,结构表可读；各事实仍按各自证据类别核对,主干浮点逻辑参数，排除 MTP/DSpark、scale、非训练 hash 表；I8/FP4 存储元素按明确打包还原逻辑矩阵。,"{""gqa"":""KV cache [B,8,L_kv,128]，每 token/层为 2×8×128 元素；Q heads 广播对应 KV heads，不复制新增权重。底座配置与蒸馏配置分别核对，运行框架布局/精度未知。""}",https://huggingface.co/deepseek-ai/DeepSeek-R1-Distill-Llama-8B/tree/6a6f4aa4197940add57724a7707d069478df56b1
DeepSeek,DeepSeek-R1-Distill-Llama-70B,支线,b1c0b44b4369b597ad119a196caf79a9c40e141e,80,GQA 80 层,70553706496,141107412992,配置 torch_dtype=bfloat16,结构表可读；各事实仍按各自证据类别核对,主干浮点逻辑参数，排除 MTP/DSpark、scale、非训练 hash 表；I8/FP4 存储元素按明确打包还原逻辑矩阵。,"{""gqa"":""KV cache [B,8,L_kv,128]，每 token/层为 2×8×128 元素；Q heads 广播对应 KV heads，不复制新增权重。底座配置与蒸馏配置分别核对，运行框架布局/精度未知。""}",https://huggingface.co/deepseek-ai/DeepSeek-R1-Distill-Llama-70B/tree/b1c0b44b4369b597ad119a196caf79a9c40e141e
DeepSeek,DeepSeek-V3.2-Exp,主线,194c67e12b1b0d6df0ef373ddcf215bc84027409,61,DSA 61 层,671877944064,674032381632,配置 FP8；scale=ue8m0,结构表可读；各事实仍按各自证据类别核对,主干浮点逻辑参数，排除 MTP/DSpark、scale、非训练 hash 表；I8/FP4 存储元素按明确打包还原逻辑矩阵。,"{""mla"":""MP=1 吸收式 cache 每 token/层为 512+64=576 个元素；展开式为 128×(128+64+128)。实际分页/精度须按运行框架核验。"",""dsa"":""主 attention 保留 512+64 元素的潜变量/位置 cache；参考 demo 主 KV 用 FP8 量化后回到默认 dtype 模拟，不能标为实际 FP8 存储。Indexer 另有 E4M3 key [B,L_kv,128] 与 F32 scale [B,L_kv,1]；top-k=2048。""}",https://huggingface.co/deepseek-ai/DeepSeek-V3.2-Exp/tree/194c67e12b1b0d6df0ef373ddcf215bc84027409
DeepSeek,DeepSeek-V3.2,主线,a7e62ac04ecb2c0a54d736dc46601c5606cf10a6,61,DSA 61 层,671877944064,674032381632,配置 FP8；scale=ue8m0,结构表可读；各事实仍按各自证据类别核对,主干浮点逻辑参数，排除 MTP/DSpark、scale、非训练 hash 表；I8/FP4 存储元素按明确打包还原逻辑矩阵。,"{""mla"":""MP=1 吸收式 cache 每 token/层为 512+64=576 个元素；展开式为 128×(128+64+128)。实际分页/精度须按运行框架核验。"",""dsa"":""主 attention 保留 512+64 元素的潜变量/位置 cache；参考 demo 主 KV 用 FP8 量化后回到默认 dtype 模拟，不能标为实际 FP8 存储。Indexer 另有 E4M3 key [B,L_kv,128] 与 F32 scale [B,L_kv,1]；top-k=2048。""}",https://huggingface.co/deepseek-ai/DeepSeek-V3.2/tree/a7e62ac04ecb2c0a54d736dc46601c5606cf10a6
DeepSeek,DeepSeek-V4-Flash-Base,基础,8855555deef230a27a21a8d6f294b7b7497759b6,43,SWA 2 层 / CSA 21 层 / HCA 20 层,284332240471,285940055644,配置 FP8；scale=ue8m0；routed expert=FP8；本版文件头已核对,结构表可读；各事实仍按各自证据类别核对,主干浮点逻辑参数，排除 MTP/DSpark、scale、非训练 hash 表；I8/FP4 存储元素按明确打包还原逻辑矩阵。,"{""swa"":""滚动窗口 [B,128,512]，不缓存 V3 式 512+64 潜变量。"",""csa"":""窗口 128 + floor(L_kv/4) 条 512 维 KV；另有 floor(L_kv/4)×128 的 indexer cache。两个 compressor 都有 FP32 kv_state/score_state；ratio=4 overlap coff=2，形状 [B,2r,2d]。参考 cache 经 FP8/FP4 模拟后仍用默认 dtype 存储。"",""hca"":""窗口 128 + floor(L_kv/128) 条 512 维 KV，无 learned indexer；compressor 的两个 FP32 状态 [B,128,512] 另计。""}",https://huggingface.co/deepseek-ai/DeepSeek-V4-Flash-Base/tree/8855555deef230a27a21a8d6f294b7b7497759b6
DeepSeek,DeepSeek-V4-Flash,主线,60d8d70770c6776ff598c94bb586a859a38244f1,43,SWA 2 层 / CSA 21 层 / HCA 20 层,284332240471,156015698140,配置 FP8；scale=ue8m0；routed expert=FP4；本版文件头已核对,结构表可读；各事实仍按各自证据类别核对,主干浮点逻辑参数，排除 MTP/DSpark、scale、非训练 hash 表；I8/FP4 存储元素按明确打包还原逻辑矩阵。,"{""swa"":""滚动窗口 [B,128,512]，不缓存 V3 式 512+64 潜变量。"",""csa"":""窗口 128 + floor(L_kv/4) 条 512 维 KV；另有 floor(L_kv/4)×128 的 indexer cache。两个 compressor 都有 FP32 kv_state/score_state；ratio=4 overlap coff=2，形状 [B,2r,2d]。参考 cache 经 FP8/FP4 模拟后仍用默认 dtype 存储。"",""hca"":""窗口 128 + floor(L_kv/128) 条 512 维 KV，无 learned indexer；compressor 的两个 FP32 状态 [B,128,512] 另计。""}",https://huggingface.co/deepseek-ai/DeepSeek-V4-Flash/tree/60d8d70770c6776ff598c94bb586a859a38244f1
DeepSeek,DeepSeek-V4-Pro-Base,基础,98730c030fbdbaca4950788280a35c4642b208a9,61,HCA 31 层 / CSA 30 层,1572997201763,1576472106124,配置 FP8；scale=ue8m0；routed expert=FP8；本版文件头已核对,结构表可读；各事实仍按各自证据类别核对,主干浮点逻辑参数，排除 MTP/DSpark、scale、非训练 hash 表；I8/FP4 存储元素按明确打包还原逻辑矩阵。,"{""swa"":""滚动窗口 [B,128,512]，不缓存 V3 式 512+64 潜变量。"",""csa"":""窗口 128 + floor(L_kv/4) 条 512 维 KV；另有 floor(L_kv/4)×128 的 indexer cache。两个 compressor 都有 FP32 kv_state/score_state；ratio=4 overlap coff=2，形状 [B,2r,2d]。参考 cache 经 FP8/FP4 模拟后仍用默认 dtype 存储。"",""hca"":""窗口 128 + floor(L_kv/128) 条 512 维 KV，无 learned indexer；compressor 的两个 FP32 状态 [B,128,512] 另计。""}",https://huggingface.co/deepseek-ai/DeepSeek-V4-Pro-Base/tree/98730c030fbdbaca4950788280a35c4642b208a9
DeepSeek,DeepSeek-V4-Pro,主线,b5968e9190ef611bbf34a7229255be88a0e937c1,61,HCA 31 层 / CSA 30 层,1572997201763,850748205004,配置 FP8；scale=ue8m0；routed expert=FP4；本版文件头已核对,结构表可读；各事实仍按各自证据类别核对,主干浮点逻辑参数，排除 MTP/DSpark、scale、非训练 hash 表；I8/FP4 存储元素按明确打包还原逻辑矩阵。,"{""swa"":""滚动窗口 [B,128,512]，不缓存 V3 式 512+64 潜变量。"",""csa"":""窗口 128 + floor(L_kv/4) 条 512 维 KV；另有 floor(L_kv/4)×128 的 indexer cache。两个 compressor 都有 FP32 kv_state/score_state；ratio=4 overlap coff=2，形状 [B,2r,2d]。参考 cache 经 FP8/FP4 模拟后仍用默认 dtype 存储。"",""hca"":""窗口 128 + floor(L_kv/128) 条 512 维 KV，无 learned indexer；compressor 的两个 FP32 状态 [B,128,512] 另计。""}",https://huggingface.co/deepseek-ai/DeepSeek-V4-Pro/tree/b5968e9190ef611bbf34a7229255be88a0e937c1
DeepSeek,DeepSeek-V4-Flash-DSpark,主线,62af8fffb2f7030cac4de2f0169f5b8d1101b646,43,SWA 2 层 / CSA 21 层 / HCA 20 层,284332240471,156015698140,配置 FP8；scale=ue8m0；routed expert=FP4；本版文件头已核对,结构表可读；各事实仍按各自证据类别核对,主干浮点逻辑参数，排除 MTP/DSpark、scale、非训练 hash 表；I8/FP4 存储元素按明确打包还原逻辑矩阵。,"{""swa"":""DSpark 的上下文 SWA cache 与目标主干 cache 分开；窗口 128、共享 KV 512 维，draft block 内非因果；其余主干 CSA/HCA cache 仍独立。"",""csa"":""窗口 + floor(L_kv/4) 的主干压缩 KV/indexer；两个 FP32 compressor 状态另计。"",""hca"":""窗口 + floor(L_kv/128) 的主干压缩 KV；无 learned indexer。""}",https://huggingface.co/deepseek-ai/DeepSeek-V4-Flash-DSpark/tree/62af8fffb2f7030cac4de2f0169f5b8d1101b646
DeepSeek,DeepSeek-V4-Pro-DSpark,主线,7c09739fd136abfb70a49ec334157f65f45b52cd,61,HCA 31 层 / CSA 30 层,1572997201763,850748205004,配置 FP8；scale=ue8m0；routed expert=FP4；本版文件头已核对,结构表可读；各事实仍按各自证据类别核对,主干浮点逻辑参数，排除 MTP/DSpark、scale、非训练 hash 表；I8/FP4 存储元素按明确打包还原逻辑矩阵。,"{""swa"":""DSpark 的上下文 SWA cache 与目标主干 cache 分开；窗口 128、共享 KV 512 维，draft block 内非因果；其余主干 CSA/HCA cache 仍独立。"",""csa"":""窗口 + floor(L_kv/4) 的主干压缩 KV/indexer；两个 FP32 compressor 状态另计。"",""hca"":""窗口 + floor(L_kv/128) 的主干压缩 KV；无 learned indexer。""}",https://huggingface.co/deepseek-ai/DeepSeek-V4-Pro-DSpark/tree/7c09739fd136abfb70a49ec334157f65f45b52cd
DeepSeek,DeepSeek-V4-Flash-0731,主线,7872f01b1d1fe23eabc4c98b48bffcef5a386062,43,SWA 2 层 / CSA 21 层 / HCA 20 层,284332240471,156015698140,配置 FP8；scale=ue8m0；routed expert=FP4；本版文件头已核对,结构表可读；各事实仍按各自证据类别核对,主干浮点逻辑参数，排除 MTP/DSpark、scale、非训练 hash 表；I8/FP4 存储元素按明确打包还原逻辑矩阵。,"{""swa"":""DSpark 的上下文 SWA cache 与目标主干 cache 分开；窗口 128、共享 KV 512 维，draft block 内非因果；其余主干 CSA/HCA cache 仍独立。"",""csa"":""窗口 + floor(L_kv/4) 的主干压缩 KV/indexer；两个 FP32 compressor 状态另计。"",""hca"":""窗口 + floor(L_kv/128) 的主干压缩 KV；无 learned indexer。""}",https://huggingface.co/deepseek-ai/DeepSeek-V4-Flash-0731/tree/7872f01b1d1fe23eabc4c98b48bffcef5a386062
DeepSeek,DeepSeek-V4-Pro-0813,主线,72e1d3230f6c080a530b0a1d46f8eb4602340597,61,HCA 31 层 / CSA 30 层,1572997201763,850748205004,配置 FP8；scale=ue8m0；routed expert=FP4；本版文件头已核对,结构表可读；各事实仍按各自证据类别核对,主干浮点逻辑参数，排除 MTP/DSpark、scale、非训练 hash 表；I8/FP4 存储元素按明确打包还原逻辑矩阵。,"{""swa"":""DSpark 的上下文 SWA cache 与目标主干 cache 分开；窗口 128、共享 KV 512 维，draft block 内非因果；其余主干 CSA/HCA cache 仍独立。"",""csa"":""窗口 + floor(L_kv/4) 的主干压缩 KV/indexer；两个 FP32 compressor 状态另计。"",""hca"":""窗口 + floor(L_kv/128) 的主干压缩 KV；无 learned indexer。""}",https://huggingface.co/deepseek-ai/DeepSeek-V4-Pro-0813/tree/72e1d3230f6c080a530b0a1d46f8eb4602340597
DeepSeek,DeepSeek-V4.1-Flash,主线,2cba9e42aa026125f3ed06c6d98c1db82f7ca027,40,CED 20+20；SWA 2 / CSA2 Full 4 / Reindex 4 / Reuse 30,552000000000,,配置 FP8 / UE8M0 32×32 scales；routed experts FP4；global KV 为省略 global scale 的 NVFP4 变体（E2M1+E4M3/16）；index K MXFP4/32；SWA MXFP8（E4M3+E8M0/32）；实际存储未审计,结构表可读；各事实仍按各自证据类别核对,主干为参考构造的语言权重（不含 Engram、ViT/projector、DSpark、scale、非训练哈希/词表映射）；官方约 552B 主干与约 196B Engram 分列。DSpark embed/head 引用共享对象，未重复计数；逻辑构造不证明发布文件的别名或实际载荷。,"{""swa"":""40 个主干层各有 [B,128,512] 局部 KV；真实部署按 MXFP8：E4M3 数据 + 每 32 通道一个 E8M0 scale，每记录 528 B；完整窗口合计 2703360×B B。活跃窗口不长期落 SSD，bounded replay 为近似恢复。"",""csa2"":""只统计 Full 层 0-based 2/8/14/20：前三个各 floor(N/2) 条、最后一个 N 条。每条 main KV=288 B，index K=68 B；打包全局缓存=(3×floor(N/2)+N)×356 B，N 为偶数时=890N B。不含窗口、FP32 compressor 状态、分页/对齐和 DSpark。Reindex/Reuse 不另存同一全局 cache。真实部署按上述数据与 scale 打包容量；参考模拟不用于容量计算。"",""dspark"":""三个 draft stage，各有独立 [B,128,512] 目标 context 窗口；prefill 写入 context，draft forward 五位置并行，Markov 顺序修正；不能并入目标主干缓存。"",""vision"":""单图双向 ViT；32 层，L_img patches 的 Q/K/V 与 attention 中间量；3×3 pixel-unshuffle 后约 ceil(h/3)×ceil(w/3) 个视觉 token；不分配自回归语言 KV。""}",https://huggingface.co/deepseek-ai/DeepSeek-V4.1-Flash/tree/2cba9e42aa026125f3ed06c6d98c1db82f7ca027
