model,group,layer_1based,kind,logical_parameters,payload_bytes,tensor_count,routed_parameters,attention_parameters,shared_parameters,active_linear_parameters
Kimi-K2-Instruct,decoder,1,MLA + Dense,497500160,497638224,21,,101124096,,497483776
Kimi-K2-Instruct,decoder,2,MLA + MoE,17059365248,17066299728,2327,16911433728,101124096,44040192,500236288.00000215
Kimi-K2-Instruct,decoder,3,MLA + MoE,17059365248,17066299728,2327,16911433728,101124096,44040192,500236288.00000215
Kimi-K2-Instruct,decoder,4,MLA + MoE,17059365248,17066299728,2327,16911433728,101124096,44040192,500236288.00000215
Kimi-K2-Instruct,decoder,5,MLA + MoE,17059365248,17066299728,2327,16911433728,101124096,44040192,500236288.00000215
Kimi-K2-Instruct,decoder,6,MLA + MoE,17059365248,17066299728,2327,16911433728,101124096,44040192,500236288.00000215
Kimi-K2-Instruct,decoder,7,MLA + MoE,17059365248,17066299728,2327,16911433728,101124096,44040192,500236288.00000215
Kimi-K2-Instruct,decoder,8,MLA + MoE,17059365248,17066299728,2327,16911433728,101124096,44040192,500236288.00000215
Kimi-K2-Instruct,decoder,9,MLA + MoE,17059365248,17066299728,2327,16911433728,101124096,44040192,500236288.00000215
Kimi-K2-Instruct,decoder,10,MLA + MoE,17059365248,17066299728,2327,16911433728,101124096,44040192,500236288.00000215
Kimi-K2-Instruct,decoder,11,MLA + MoE,17059365248,17066299728,2327,16911433728,101124096,44040192,500236288.00000215
Kimi-K2-Instruct,decoder,12,MLA + MoE,17059365248,17066299728,2327,16911433728,101124096,44040192,500236288.00000215
Kimi-K2-Instruct,decoder,13,MLA + MoE,17059365248,17066299728,2327,16911433728,101124096,44040192,500236288.00000215
Kimi-K2-Instruct,decoder,14,MLA + MoE,17059365248,17066299728,2327,16911433728,101124096,44040192,500236288.00000215
Kimi-K2-Instruct,decoder,15,MLA + MoE,17059365248,17066299728,2327,16911433728,101124096,44040192,500236288.00000215
Kimi-K2-Instruct,decoder,16,MLA + MoE,17059365248,17066299728,2327,16911433728,101124096,44040192,500236288.00000215
Kimi-K2-Instruct,decoder,17,MLA + MoE,17059365248,17066299728,2327,16911433728,101124096,44040192,500236288.00000215
Kimi-K2-Instruct,decoder,18,MLA + MoE,17059365248,17066299728,2327,16911433728,101124096,44040192,500236288.00000215
Kimi-K2-Instruct,decoder,19,MLA + MoE,17059365248,17066299728,2327,16911433728,101124096,44040192,500236288.00000215
Kimi-K2-Instruct,decoder,20,MLA + MoE,17059365248,17066299728,2327,16911433728,101124096,44040192,500236288.00000215
Kimi-K2-Instruct,decoder,21,MLA + MoE,17059365248,17066299728,2327,16911433728,101124096,44040192,500236288.00000215
Kimi-K2-Instruct,decoder,22,MLA + MoE,17059365248,17066299728,2327,16911433728,101124096,44040192,500236288.00000215
Kimi-K2-Instruct,decoder,23,MLA + MoE,17059365248,17066299728,2327,16911433728,101124096,44040192,500236288.00000215
Kimi-K2-Instruct,decoder,24,MLA + MoE,17059365248,17066299728,2327,16911433728,101124096,44040192,500236288.00000215
Kimi-K2-Instruct,decoder,25,MLA + MoE,17059365248,17066299728,2327,16911433728,101124096,44040192,500236288.00000215
Kimi-K2-Instruct,decoder,26,MLA + MoE,17059365248,17066299728,2327,16911433728,101124096,44040192,500236288.00000215
Kimi-K2-Instruct,decoder,27,MLA + MoE,17059365248,17066299728,2327,16911433728,101124096,44040192,500236288.00000215
Kimi-K2-Instruct,decoder,28,MLA + MoE,17059365248,17066299728,2327,16911433728,101124096,44040192,500236288.00000215
Kimi-K2-Instruct,decoder,29,MLA + MoE,17059365248,17066299728,2327,16911433728,101124096,44040192,500236288.00000215
Kimi-K2-Instruct,decoder,30,MLA + MoE,17059365248,17066299728,2327,16911433728,101124096,44040192,500236288.00000215
Kimi-K2-Instruct,decoder,31,MLA + MoE,17059365248,17066299728,2327,16911433728,101124096,44040192,500236288.00000215
Kimi-K2-Instruct,decoder,32,MLA + MoE,17059365248,17066299728,2327,16911433728,101124096,44040192,500236288.00000215
Kimi-K2-Instruct,decoder,33,MLA + MoE,17059365248,17066299728,2327,16911433728,101124096,44040192,500236288.00000215
Kimi-K2-Instruct,decoder,34,MLA + MoE,17059365248,17066299728,2327,16911433728,101124096,44040192,500236288.00000215
Kimi-K2-Instruct,decoder,35,MLA + MoE,17059365248,17066299728,2327,16911433728,101124096,44040192,500236288.00000215
Kimi-K2-Instruct,decoder,36,MLA + MoE,17059365248,17066299728,2327,16911433728,101124096,44040192,500236288.00000215
Kimi-K2-Instruct,decoder,37,MLA + MoE,17059365248,17066299728,2327,16911433728,101124096,44040192,500236288.00000215
Kimi-K2-Instruct,decoder,38,MLA + MoE,17059365248,17066299728,2327,16911433728,101124096,44040192,500236288.00000215
Kimi-K2-Instruct,decoder,39,MLA + MoE,17059365248,17066299728,2327,16911433728,101124096,44040192,500236288.00000215
Kimi-K2-Instruct,decoder,40,MLA + MoE,17059365248,17066299728,2327,16911433728,101124096,44040192,500236288.00000215
Kimi-K2-Instruct,decoder,41,MLA + MoE,17059365248,17066299728,2327,16911433728,101124096,44040192,500236288.00000215
Kimi-K2-Instruct,decoder,42,MLA + MoE,17059365248,17066299728,2327,16911433728,101124096,44040192,500236288.00000215
Kimi-K2-Instruct,decoder,43,MLA + MoE,17059365248,17066299728,2327,16911433728,101124096,44040192,500236288.00000215
Kimi-K2-Instruct,decoder,44,MLA + MoE,17059365248,17066299728,2327,16911433728,101124096,44040192,500236288.00000215
Kimi-K2-Instruct,decoder,45,MLA + MoE,17059365248,17066299728,2327,16911433728,101124096,44040192,500236288.00000215
Kimi-K2-Instruct,decoder,46,MLA + MoE,17059365248,17066299728,2327,16911433728,101124096,44040192,500236288.00000215
Kimi-K2-Instruct,decoder,47,MLA + MoE,17059365248,17066299728,2327,16911433728,101124096,44040192,500236288.00000215
Kimi-K2-Instruct,decoder,48,MLA + MoE,17059365248,17066299728,2327,16911433728,101124096,44040192,500236288.00000215
Kimi-K2-Instruct,decoder,49,MLA + MoE,17059365248,17066299728,2327,16911433728,101124096,44040192,500236288.00000215
Kimi-K2-Instruct,decoder,50,MLA + MoE,17059365248,17066299728,2327,16911433728,101124096,44040192,500236288.00000215
Kimi-K2-Instruct,decoder,51,MLA + MoE,17059365248,17066299728,2327,16911433728,101124096,44040192,500236288.00000215
Kimi-K2-Instruct,decoder,52,MLA + MoE,17059365248,17066299728,2327,16911433728,101124096,44040192,500236288.00000215
Kimi-K2-Instruct,decoder,53,MLA + MoE,17059365248,17066299728,2327,16911433728,101124096,44040192,500236288.00000215
Kimi-K2-Instruct,decoder,54,MLA + MoE,17059365248,17066299728,2327,16911433728,101124096,44040192,500236288.00000215
Kimi-K2-Instruct,decoder,55,MLA + MoE,17059365248,17066299728,2327,16911433728,101124096,44040192,500236288.00000215
Kimi-K2-Instruct,decoder,56,MLA + MoE,17059365248,17066299728,2327,16911433728,101124096,44040192,500236288.00000215
Kimi-K2-Instruct,decoder,57,MLA + MoE,17059365248,17066299728,2327,16911433728,101124096,44040192,500236288.00000215
Kimi-K2-Instruct,decoder,58,MLA + MoE,17059365248,17066299728,2327,16911433728,101124096,44040192,500236288.00000215
Kimi-K2-Instruct,decoder,59,MLA + MoE,17059365248,17066299728,2327,16911433728,101124096,44040192,500236288.00000215
Kimi-K2-Instruct,decoder,60,MLA + MoE,17059365248,17066299728,2327,16911433728,101124096,44040192,500236288.00000215
Kimi-K2-Instruct,decoder,61,MLA + MoE,17059365248,17066299728,2327,16911433728,101124096,44040192,500236288.00000215
Kimi-K2-Instruct,embedding,0,,1174405120,2348810240,1,,,,
Kimi-K2-Instruct,final_norm_and_residual,0,,7168,14336,1,,,,
Kimi-K2-Instruct,output_head,0,,1174405120,2348810240,1,,,,1174405120
Kimi-K2-Instruct-0905,decoder,1,MLA + Dense,497500160,497638368,21,,101124096,,497483776
Kimi-K2-Instruct-0905,decoder,2,MLA + MoE,17059365248,17066299872,2327,16911433728,101124096,44040192,500236288.00000215
Kimi-K2-Instruct-0905,decoder,3,MLA + MoE,17059365248,17066299872,2327,16911433728,101124096,44040192,500236288.00000215
Kimi-K2-Instruct-0905,decoder,4,MLA + MoE,17059365248,17066299872,2327,16911433728,101124096,44040192,500236288.00000215
Kimi-K2-Instruct-0905,decoder,5,MLA + MoE,17059365248,17066299872,2327,16911433728,101124096,44040192,500236288.00000215
Kimi-K2-Instruct-0905,decoder,6,MLA + MoE,17059365248,17066299872,2327,16911433728,101124096,44040192,500236288.00000215
Kimi-K2-Instruct-0905,decoder,7,MLA + MoE,17059365248,17066299872,2327,16911433728,101124096,44040192,500236288.00000215
Kimi-K2-Instruct-0905,decoder,8,MLA + MoE,17059365248,17066299872,2327,16911433728,101124096,44040192,500236288.00000215
Kimi-K2-Instruct-0905,decoder,9,MLA + MoE,17059365248,17066299872,2327,16911433728,101124096,44040192,500236288.00000215
Kimi-K2-Instruct-0905,decoder,10,MLA + MoE,17059365248,17066299872,2327,16911433728,101124096,44040192,500236288.00000215
Kimi-K2-Instruct-0905,decoder,11,MLA + MoE,17059365248,17066299872,2327,16911433728,101124096,44040192,500236288.00000215
Kimi-K2-Instruct-0905,decoder,12,MLA + MoE,17059365248,17066299872,2327,16911433728,101124096,44040192,500236288.00000215
Kimi-K2-Instruct-0905,decoder,13,MLA + MoE,17059365248,17066299872,2327,16911433728,101124096,44040192,500236288.00000215
Kimi-K2-Instruct-0905,decoder,14,MLA + MoE,17059365248,17066299872,2327,16911433728,101124096,44040192,500236288.00000215
Kimi-K2-Instruct-0905,decoder,15,MLA + MoE,17059365248,17066299872,2327,16911433728,101124096,44040192,500236288.00000215
Kimi-K2-Instruct-0905,decoder,16,MLA + MoE,17059365248,17066299872,2327,16911433728,101124096,44040192,500236288.00000215
Kimi-K2-Instruct-0905,decoder,17,MLA + MoE,17059365248,17066299872,2327,16911433728,101124096,44040192,500236288.00000215
Kimi-K2-Instruct-0905,decoder,18,MLA + MoE,17059365248,17066299872,2327,16911433728,101124096,44040192,500236288.00000215
Kimi-K2-Instruct-0905,decoder,19,MLA + MoE,17059365248,17066299872,2327,16911433728,101124096,44040192,500236288.00000215
Kimi-K2-Instruct-0905,decoder,20,MLA + MoE,17059365248,17066299872,2327,16911433728,101124096,44040192,500236288.00000215
Kimi-K2-Instruct-0905,decoder,21,MLA + MoE,17059365248,17066299872,2327,16911433728,101124096,44040192,500236288.00000215
Kimi-K2-Instruct-0905,decoder,22,MLA + MoE,17059365248,17066299872,2327,16911433728,101124096,44040192,500236288.00000215
Kimi-K2-Instruct-0905,decoder,23,MLA + MoE,17059365248,17066299872,2327,16911433728,101124096,44040192,500236288.00000215
Kimi-K2-Instruct-0905,decoder,24,MLA + MoE,17059365248,17066299872,2327,16911433728,101124096,44040192,500236288.00000215
Kimi-K2-Instruct-0905,decoder,25,MLA + MoE,17059365248,17066299872,2327,16911433728,101124096,44040192,500236288.00000215
Kimi-K2-Instruct-0905,decoder,26,MLA + MoE,17059365248,17066299872,2327,16911433728,101124096,44040192,500236288.00000215
Kimi-K2-Instruct-0905,decoder,27,MLA + MoE,17059365248,17066299872,2327,16911433728,101124096,44040192,500236288.00000215
Kimi-K2-Instruct-0905,decoder,28,MLA + MoE,17059365248,17066299872,2327,16911433728,101124096,44040192,500236288.00000215
Kimi-K2-Instruct-0905,decoder,29,MLA + MoE,17059365248,17066299872,2327,16911433728,101124096,44040192,500236288.00000215
Kimi-K2-Instruct-0905,decoder,30,MLA + MoE,17059365248,17066299872,2327,16911433728,101124096,44040192,500236288.00000215
Kimi-K2-Instruct-0905,decoder,31,MLA + MoE,17059365248,17066299872,2327,16911433728,101124096,44040192,500236288.00000215
Kimi-K2-Instruct-0905,decoder,32,MLA + MoE,17059365248,17066299872,2327,16911433728,101124096,44040192,500236288.00000215
Kimi-K2-Instruct-0905,decoder,33,MLA + MoE,17059365248,17066299872,2327,16911433728,101124096,44040192,500236288.00000215
Kimi-K2-Instruct-0905,decoder,34,MLA + MoE,17059365248,17066299872,2327,16911433728,101124096,44040192,500236288.00000215
Kimi-K2-Instruct-0905,decoder,35,MLA + MoE,17059365248,17066299872,2327,16911433728,101124096,44040192,500236288.00000215
Kimi-K2-Instruct-0905,decoder,36,MLA + MoE,17059365248,17066299872,2327,16911433728,101124096,44040192,500236288.00000215
Kimi-K2-Instruct-0905,decoder,37,MLA + MoE,17059365248,17066299872,2327,16911433728,101124096,44040192,500236288.00000215
Kimi-K2-Instruct-0905,decoder,38,MLA + MoE,17059365248,17066299872,2327,16911433728,101124096,44040192,500236288.00000215
Kimi-K2-Instruct-0905,decoder,39,MLA + MoE,17059365248,17066299872,2327,16911433728,101124096,44040192,500236288.00000215
Kimi-K2-Instruct-0905,decoder,40,MLA + MoE,17059365248,17066299872,2327,16911433728,101124096,44040192,500236288.00000215
Kimi-K2-Instruct-0905,decoder,41,MLA + MoE,17059365248,17066299872,2327,16911433728,101124096,44040192,500236288.00000215
Kimi-K2-Instruct-0905,decoder,42,MLA + MoE,17059365248,17066299872,2327,16911433728,101124096,44040192,500236288.00000215
Kimi-K2-Instruct-0905,decoder,43,MLA + MoE,17059365248,17066299872,2327,16911433728,101124096,44040192,500236288.00000215
Kimi-K2-Instruct-0905,decoder,44,MLA + MoE,17059365248,17066299872,2327,16911433728,101124096,44040192,500236288.00000215
Kimi-K2-Instruct-0905,decoder,45,MLA + MoE,17059365248,17066299872,2327,16911433728,101124096,44040192,500236288.00000215
Kimi-K2-Instruct-0905,decoder,46,MLA + MoE,17059365248,17066299872,2327,16911433728,101124096,44040192,500236288.00000215
Kimi-K2-Instruct-0905,decoder,47,MLA + MoE,17059365248,17066299872,2327,16911433728,101124096,44040192,500236288.00000215
Kimi-K2-Instruct-0905,decoder,48,MLA + MoE,17059365248,17066299872,2327,16911433728,101124096,44040192,500236288.00000215
Kimi-K2-Instruct-0905,decoder,49,MLA + MoE,17059365248,17066299872,2327,16911433728,101124096,44040192,500236288.00000215
Kimi-K2-Instruct-0905,decoder,50,MLA + MoE,17059365248,17066299872,2327,16911433728,101124096,44040192,500236288.00000215
Kimi-K2-Instruct-0905,decoder,51,MLA + MoE,17059365248,17066299872,2327,16911433728,101124096,44040192,500236288.00000215
Kimi-K2-Instruct-0905,decoder,52,MLA + MoE,17059365248,17066299872,2327,16911433728,101124096,44040192,500236288.00000215
Kimi-K2-Instruct-0905,decoder,53,MLA + MoE,17059365248,17066299872,2327,16911433728,101124096,44040192,500236288.00000215
Kimi-K2-Instruct-0905,decoder,54,MLA + MoE,17059365248,17066299872,2327,16911433728,101124096,44040192,500236288.00000215
Kimi-K2-Instruct-0905,decoder,55,MLA + MoE,17059365248,17066299872,2327,16911433728,101124096,44040192,500236288.00000215
Kimi-K2-Instruct-0905,decoder,56,MLA + MoE,17059365248,17066299872,2327,16911433728,101124096,44040192,500236288.00000215
Kimi-K2-Instruct-0905,decoder,57,MLA + MoE,17059365248,17066299872,2327,16911433728,101124096,44040192,500236288.00000215
Kimi-K2-Instruct-0905,decoder,58,MLA + MoE,17059365248,17066299872,2327,16911433728,101124096,44040192,500236288.00000215
Kimi-K2-Instruct-0905,decoder,59,MLA + MoE,17059365248,17066299872,2327,16911433728,101124096,44040192,500236288.00000215
Kimi-K2-Instruct-0905,decoder,60,MLA + MoE,17059365248,17066299872,2327,16911433728,101124096,44040192,500236288.00000215
Kimi-K2-Instruct-0905,decoder,61,MLA + MoE,17059365248,17066299872,2327,16911433728,101124096,44040192,500236288.00000215
Kimi-K2-Instruct-0905,embedding,0,,1174405120,2348810240,1,,,,
Kimi-K2-Instruct-0905,final_norm_and_residual,0,,7168,14336,1,,,,
Kimi-K2-Instruct-0905,output_head,0,,1174405120,2348810240,1,,,,1174405120
Kimi-K2-Thinking,decoder,1,MLA + Dense,497500160,995000576,13,,101124096,,497483776
Kimi-K2-Thinking,decoder,2,MLA + MoE,17059365248,9808554752,3471,16911433728,101124096,44040192,500236288.00000197
Kimi-K2-Thinking,decoder,3,MLA + MoE,17059365248,9808554752,3471,16911433728,101124096,44040192,500236288.00000197
Kimi-K2-Thinking,decoder,4,MLA + MoE,17059365248,9808554752,3471,16911433728,101124096,44040192,500236288.00000197
Kimi-K2-Thinking,decoder,5,MLA + MoE,17059365248,9808554752,3471,16911433728,101124096,44040192,500236288.00000197
Kimi-K2-Thinking,decoder,6,MLA + MoE,17059365248,9808554752,3471,16911433728,101124096,44040192,500236288.00000197
Kimi-K2-Thinking,decoder,7,MLA + MoE,17059365248,9808554752,3471,16911433728,101124096,44040192,500236288.00000197
Kimi-K2-Thinking,decoder,8,MLA + MoE,17059365248,9808554752,3471,16911433728,101124096,44040192,500236288.00000197
Kimi-K2-Thinking,decoder,9,MLA + MoE,17059365248,9808554752,3471,16911433728,101124096,44040192,500236288.00000197
Kimi-K2-Thinking,decoder,10,MLA + MoE,17059365248,9808554752,3471,16911433728,101124096,44040192,500236288.00000197
Kimi-K2-Thinking,decoder,11,MLA + MoE,17059365248,9808554752,3471,16911433728,101124096,44040192,500236288.00000197
Kimi-K2-Thinking,decoder,12,MLA + MoE,17059365248,9808554752,3471,16911433728,101124096,44040192,500236288.00000197
Kimi-K2-Thinking,decoder,13,MLA + MoE,17059365248,9808554752,3471,16911433728,101124096,44040192,500236288.00000197
Kimi-K2-Thinking,decoder,14,MLA + MoE,17059365248,9808554752,3471,16911433728,101124096,44040192,500236288.00000197
Kimi-K2-Thinking,decoder,15,MLA + MoE,17059365248,9808554752,3471,16911433728,101124096,44040192,500236288.00000197
Kimi-K2-Thinking,decoder,16,MLA + MoE,17059365248,9808554752,3471,16911433728,101124096,44040192,500236288.00000197
Kimi-K2-Thinking,decoder,17,MLA + MoE,17059365248,9808554752,3471,16911433728,101124096,44040192,500236288.00000197
Kimi-K2-Thinking,decoder,18,MLA + MoE,17059365248,9808554752,3471,16911433728,101124096,44040192,500236288.00000197
Kimi-K2-Thinking,decoder,19,MLA + MoE,17059365248,9808554752,3471,16911433728,101124096,44040192,500236288.00000197
Kimi-K2-Thinking,decoder,20,MLA + MoE,17059365248,9808554752,3471,16911433728,101124096,44040192,500236288.00000197
Kimi-K2-Thinking,decoder,21,MLA + MoE,17059365248,9808554752,3471,16911433728,101124096,44040192,500236288.00000197
Kimi-K2-Thinking,decoder,22,MLA + MoE,17059365248,9808554752,3471,16911433728,101124096,44040192,500236288.00000197
Kimi-K2-Thinking,decoder,23,MLA + MoE,17059365248,9808554752,3471,16911433728,101124096,44040192,500236288.00000197
Kimi-K2-Thinking,decoder,24,MLA + MoE,17059365248,9808554752,3471,16911433728,101124096,44040192,500236288.00000197
Kimi-K2-Thinking,decoder,25,MLA + MoE,17059365248,9808554752,3471,16911433728,101124096,44040192,500236288.00000197
Kimi-K2-Thinking,decoder,26,MLA + MoE,17059365248,9808554752,3471,16911433728,101124096,44040192,500236288.00000197
Kimi-K2-Thinking,decoder,27,MLA + MoE,17059365248,9808554752,3471,16911433728,101124096,44040192,500236288.00000197
Kimi-K2-Thinking,decoder,28,MLA + MoE,17059365248,9808554752,3471,16911433728,101124096,44040192,500236288.00000197
Kimi-K2-Thinking,decoder,29,MLA + MoE,17059365248,9808554752,3471,16911433728,101124096,44040192,500236288.00000197
Kimi-K2-Thinking,decoder,30,MLA + MoE,17059365248,9808554752,3471,16911433728,101124096,44040192,500236288.00000197
Kimi-K2-Thinking,decoder,31,MLA + MoE,17059365248,9808554752,3471,16911433728,101124096,44040192,500236288.00000197
Kimi-K2-Thinking,decoder,32,MLA + MoE,17059365248,9808554752,3471,16911433728,101124096,44040192,500236288.00000197
Kimi-K2-Thinking,decoder,33,MLA + MoE,17059365248,9808554752,3471,16911433728,101124096,44040192,500236288.00000197
Kimi-K2-Thinking,decoder,34,MLA + MoE,17059365248,9808554752,3471,16911433728,101124096,44040192,500236288.00000197
Kimi-K2-Thinking,decoder,35,MLA + MoE,17059365248,9808554752,3471,16911433728,101124096,44040192,500236288.00000197
Kimi-K2-Thinking,decoder,36,MLA + MoE,17059365248,9808554752,3471,16911433728,101124096,44040192,500236288.00000197
Kimi-K2-Thinking,decoder,37,MLA + MoE,17059365248,9808554752,3471,16911433728,101124096,44040192,500236288.00000197
Kimi-K2-Thinking,decoder,38,MLA + MoE,17059365248,9808554752,3471,16911433728,101124096,44040192,500236288.00000197
Kimi-K2-Thinking,decoder,39,MLA + MoE,17059365248,9808554752,3471,16911433728,101124096,44040192,500236288.00000197
Kimi-K2-Thinking,decoder,40,MLA + MoE,17059365248,9808554752,3471,16911433728,101124096,44040192,500236288.00000197
Kimi-K2-Thinking,decoder,41,MLA + MoE,17059365248,9808554752,3471,16911433728,101124096,44040192,500236288.00000197
Kimi-K2-Thinking,decoder,42,MLA + MoE,17059365248,9808554752,3471,16911433728,101124096,44040192,500236288.00000197
Kimi-K2-Thinking,decoder,43,MLA + MoE,17059365248,9808554752,3471,16911433728,101124096,44040192,500236288.00000197
Kimi-K2-Thinking,decoder,44,MLA + MoE,17059365248,9808554752,3471,16911433728,101124096,44040192,500236288.00000197
Kimi-K2-Thinking,decoder,45,MLA + MoE,17059365248,9808554752,3471,16911433728,101124096,44040192,500236288.00000197
Kimi-K2-Thinking,decoder,46,MLA + MoE,17059365248,9808554752,3471,16911433728,101124096,44040192,500236288.00000197
Kimi-K2-Thinking,decoder,47,MLA + MoE,17059365248,9808554752,3471,16911433728,101124096,44040192,500236288.00000197
Kimi-K2-Thinking,decoder,48,MLA + MoE,17059365248,9808554752,3471,16911433728,101124096,44040192,500236288.00000197
Kimi-K2-Thinking,decoder,49,MLA + MoE,17059365248,9808554752,3471,16911433728,101124096,44040192,500236288.00000197
Kimi-K2-Thinking,decoder,50,MLA + MoE,17059365248,9808554752,3471,16911433728,101124096,44040192,500236288.00000197
Kimi-K2-Thinking,decoder,51,MLA + MoE,17059365248,9808554752,3471,16911433728,101124096,44040192,500236288.00000197
Kimi-K2-Thinking,decoder,52,MLA + MoE,17059365248,9808554752,3471,16911433728,101124096,44040192,500236288.00000197
Kimi-K2-Thinking,decoder,53,MLA + MoE,17059365248,9808554752,3471,16911433728,101124096,44040192,500236288.00000197
Kimi-K2-Thinking,decoder,54,MLA + MoE,17059365248,9808554752,3471,16911433728,101124096,44040192,500236288.00000197
Kimi-K2-Thinking,decoder,55,MLA + MoE,17059365248,9808554752,3471,16911433728,101124096,44040192,500236288.00000197
Kimi-K2-Thinking,decoder,56,MLA + MoE,17059365248,9808554752,3471,16911433728,101124096,44040192,500236288.00000197
Kimi-K2-Thinking,decoder,57,MLA + MoE,17059365248,9808554752,3471,16911433728,101124096,44040192,500236288.00000197
Kimi-K2-Thinking,decoder,58,MLA + MoE,17059365248,9808554752,3471,16911433728,101124096,44040192,500236288.00000197
Kimi-K2-Thinking,decoder,59,MLA + MoE,17059365248,9808554752,3471,16911433728,101124096,44040192,500236288.00000197
Kimi-K2-Thinking,decoder,60,MLA + MoE,17059365248,9808554752,3471,16911433728,101124096,44040192,500236288.00000197
Kimi-K2-Thinking,decoder,61,MLA + MoE,17059365248,9808554752,3471,16911433728,101124096,44040192,500236288.00000197
Kimi-K2-Thinking,embedding,0,,1174405120,2348810240,1,,,,
Kimi-K2-Thinking,final_norm_and_residual,0,,7168,14336,1,,,,
Kimi-K2-Thinking,output_head,0,,1174405120,2348810240,1,,,,1174405120
Kimi-K2.5,decoder,1,MLA + Dense,497500160,995000320,12,,101124096,,497483776
Kimi-K2.5,decoder,2,MLA + MoE,17059365248,9808554496,3470,16911433728,101124096,44040192,500236288.00000197
Kimi-K2.5,decoder,3,MLA + MoE,17059365248,9808554496,3470,16911433728,101124096,44040192,500236288.00000197
Kimi-K2.5,decoder,4,MLA + MoE,17059365248,9808554496,3470,16911433728,101124096,44040192,500236288.00000197
Kimi-K2.5,decoder,5,MLA + MoE,17059365248,9808554496,3470,16911433728,101124096,44040192,500236288.00000197
Kimi-K2.5,decoder,6,MLA + MoE,17059365248,9808554496,3470,16911433728,101124096,44040192,500236288.00000197
Kimi-K2.5,decoder,7,MLA + MoE,17059365248,9808554496,3470,16911433728,101124096,44040192,500236288.00000197
Kimi-K2.5,decoder,8,MLA + MoE,17059365248,9808554496,3470,16911433728,101124096,44040192,500236288.00000197
Kimi-K2.5,decoder,9,MLA + MoE,17059365248,9808554496,3470,16911433728,101124096,44040192,500236288.00000197
Kimi-K2.5,decoder,10,MLA + MoE,17059365248,9808554496,3470,16911433728,101124096,44040192,500236288.00000197
Kimi-K2.5,decoder,11,MLA + MoE,17059365248,9808554496,3470,16911433728,101124096,44040192,500236288.00000197
Kimi-K2.5,decoder,12,MLA + MoE,17059365248,9808554496,3470,16911433728,101124096,44040192,500236288.00000197
Kimi-K2.5,decoder,13,MLA + MoE,17059365248,9808554496,3470,16911433728,101124096,44040192,500236288.00000197
Kimi-K2.5,decoder,14,MLA + MoE,17059365248,9808554496,3470,16911433728,101124096,44040192,500236288.00000197
Kimi-K2.5,decoder,15,MLA + MoE,17059365248,9808554496,3470,16911433728,101124096,44040192,500236288.00000197
Kimi-K2.5,decoder,16,MLA + MoE,17059365248,9808554496,3470,16911433728,101124096,44040192,500236288.00000197
Kimi-K2.5,decoder,17,MLA + MoE,17059365248,9808554496,3470,16911433728,101124096,44040192,500236288.00000197
Kimi-K2.5,decoder,18,MLA + MoE,17059365248,9808554496,3470,16911433728,101124096,44040192,500236288.00000197
Kimi-K2.5,decoder,19,MLA + MoE,17059365248,9808554496,3470,16911433728,101124096,44040192,500236288.00000197
Kimi-K2.5,decoder,20,MLA + MoE,17059365248,9808554496,3470,16911433728,101124096,44040192,500236288.00000197
Kimi-K2.5,decoder,21,MLA + MoE,17059365248,9808554496,3470,16911433728,101124096,44040192,500236288.00000197
Kimi-K2.5,decoder,22,MLA + MoE,17059365248,9808554496,3470,16911433728,101124096,44040192,500236288.00000197
Kimi-K2.5,decoder,23,MLA + MoE,17059365248,9808554496,3470,16911433728,101124096,44040192,500236288.00000197
Kimi-K2.5,decoder,24,MLA + MoE,17059365248,9808554496,3470,16911433728,101124096,44040192,500236288.00000197
Kimi-K2.5,decoder,25,MLA + MoE,17059365248,9808554496,3470,16911433728,101124096,44040192,500236288.00000197
Kimi-K2.5,decoder,26,MLA + MoE,17059365248,9808554496,3470,16911433728,101124096,44040192,500236288.00000197
Kimi-K2.5,decoder,27,MLA + MoE,17059365248,9808554496,3470,16911433728,101124096,44040192,500236288.00000197
Kimi-K2.5,decoder,28,MLA + MoE,17059365248,9808554496,3470,16911433728,101124096,44040192,500236288.00000197
Kimi-K2.5,decoder,29,MLA + MoE,17059365248,9808554496,3470,16911433728,101124096,44040192,500236288.00000197
Kimi-K2.5,decoder,30,MLA + MoE,17059365248,9808554496,3470,16911433728,101124096,44040192,500236288.00000197
Kimi-K2.5,decoder,31,MLA + MoE,17059365248,9808554496,3470,16911433728,101124096,44040192,500236288.00000197
Kimi-K2.5,decoder,32,MLA + MoE,17059365248,9808554496,3470,16911433728,101124096,44040192,500236288.00000197
Kimi-K2.5,decoder,33,MLA + MoE,17059365248,9808554496,3470,16911433728,101124096,44040192,500236288.00000197
Kimi-K2.5,decoder,34,MLA + MoE,17059365248,9808554496,3470,16911433728,101124096,44040192,500236288.00000197
Kimi-K2.5,decoder,35,MLA + MoE,17059365248,9808554496,3470,16911433728,101124096,44040192,500236288.00000197
Kimi-K2.5,decoder,36,MLA + MoE,17059365248,9808554496,3470,16911433728,101124096,44040192,500236288.00000197
Kimi-K2.5,decoder,37,MLA + MoE,17059365248,9808554496,3470,16911433728,101124096,44040192,500236288.00000197
Kimi-K2.5,decoder,38,MLA + MoE,17059365248,9808554496,3470,16911433728,101124096,44040192,500236288.00000197
Kimi-K2.5,decoder,39,MLA + MoE,17059365248,9808554496,3470,16911433728,101124096,44040192,500236288.00000197
Kimi-K2.5,decoder,40,MLA + MoE,17059365248,9808554496,3470,16911433728,101124096,44040192,500236288.00000197
Kimi-K2.5,decoder,41,MLA + MoE,17059365248,9808554496,3470,16911433728,101124096,44040192,500236288.00000197
Kimi-K2.5,decoder,42,MLA + MoE,17059365248,9808554496,3470,16911433728,101124096,44040192,500236288.00000197
Kimi-K2.5,decoder,43,MLA + MoE,17059365248,9808554496,3470,16911433728,101124096,44040192,500236288.00000197
Kimi-K2.5,decoder,44,MLA + MoE,17059365248,9808554496,3470,16911433728,101124096,44040192,500236288.00000197
Kimi-K2.5,decoder,45,MLA + MoE,17059365248,9808554496,3470,16911433728,101124096,44040192,500236288.00000197
Kimi-K2.5,decoder,46,MLA + MoE,17059365248,9808554496,3470,16911433728,101124096,44040192,500236288.00000197
Kimi-K2.5,decoder,47,MLA + MoE,17059365248,9808554496,3470,16911433728,101124096,44040192,500236288.00000197
Kimi-K2.5,decoder,48,MLA + MoE,17059365248,9808554496,3470,16911433728,101124096,44040192,500236288.00000197
Kimi-K2.5,decoder,49,MLA + MoE,17059365248,9808554496,3470,16911433728,101124096,44040192,500236288.00000197
Kimi-K2.5,decoder,50,MLA + MoE,17059365248,9808554496,3470,16911433728,101124096,44040192,500236288.00000197
Kimi-K2.5,decoder,51,MLA + MoE,17059365248,9808554496,3470,16911433728,101124096,44040192,500236288.00000197
Kimi-K2.5,decoder,52,MLA + MoE,17059365248,9808554496,3470,16911433728,101124096,44040192,500236288.00000197
Kimi-K2.5,decoder,53,MLA + MoE,17059365248,9808554496,3470,16911433728,101124096,44040192,500236288.00000197
Kimi-K2.5,decoder,54,MLA + MoE,17059365248,9808554496,3470,16911433728,101124096,44040192,500236288.00000197
Kimi-K2.5,decoder,55,MLA + MoE,17059365248,9808554496,3470,16911433728,101124096,44040192,500236288.00000197
Kimi-K2.5,decoder,56,MLA + MoE,17059365248,9808554496,3470,16911433728,101124096,44040192,500236288.00000197
Kimi-K2.5,decoder,57,MLA + MoE,17059365248,9808554496,3470,16911433728,101124096,44040192,500236288.00000197
Kimi-K2.5,decoder,58,MLA + MoE,17059365248,9808554496,3470,16911433728,101124096,44040192,500236288.00000197
Kimi-K2.5,decoder,59,MLA + MoE,17059365248,9808554496,3470,16911433728,101124096,44040192,500236288.00000197
Kimi-K2.5,decoder,60,MLA + MoE,17059365248,9808554496,3470,16911433728,101124096,44040192,500236288.00000197
Kimi-K2.5,decoder,61,MLA + MoE,17059365248,9808554496,3470,16911433728,101124096,44040192,500236288.00000197
Kimi-K2.5,embedding,0,,1174405120,2348810240,1,,,,
Kimi-K2.5,final_norm_and_residual,0,,7168,14336,1,,,,
Kimi-K2.5,output_head,0,,1174405120,2348810240,1,,,,1174405120
Kimi-K2.5,projector,0,,54277888,108555776,6,,,,54263808
Kimi-K2.5,vision,1,,15239504,30479008,12,,,,15224832
Kimi-K2.5,vision,2,,15239504,30479008,12,,,,15224832
Kimi-K2.5,vision,3,,15239504,30479008,12,,,,15224832
Kimi-K2.5,vision,4,,15239504,30479008,12,,,,15224832
Kimi-K2.5,vision,5,,15239504,30479008,12,,,,15224832
Kimi-K2.5,vision,6,,15239504,30479008,12,,,,15224832
Kimi-K2.5,vision,7,,15239504,30479008,12,,,,15224832
Kimi-K2.5,vision,8,,15239504,30479008,12,,,,15224832
Kimi-K2.5,vision,9,,15239504,30479008,12,,,,15224832
Kimi-K2.5,vision,10,,15239504,30479008,12,,,,15224832
Kimi-K2.5,vision,11,,15239504,30479008,12,,,,15224832
Kimi-K2.5,vision,12,,15239504,30479008,12,,,,15224832
Kimi-K2.5,vision,13,,15239504,30479008,12,,,,15224832
Kimi-K2.5,vision,14,,15239504,30479008,12,,,,15224832
Kimi-K2.5,vision,15,,15239504,30479008,12,,,,15224832
Kimi-K2.5,vision,16,,15239504,30479008,12,,,,15224832
Kimi-K2.5,vision,17,,15239504,30479008,12,,,,15224832
Kimi-K2.5,vision,18,,15239504,30479008,12,,,,15224832
Kimi-K2.5,vision,19,,15239504,30479008,12,,,,15224832
Kimi-K2.5,vision,20,,15239504,30479008,12,,,,15224832
Kimi-K2.5,vision,21,,15239504,30479008,12,,,,15224832
Kimi-K2.5,vision,22,,15239504,30479008,12,,,,15224832
Kimi-K2.5,vision,23,,15239504,30479008,12,,,,15224832
Kimi-K2.5,vision,24,,15239504,30479008,12,,,,15224832
Kimi-K2.5,vision,25,,15239504,30479008,12,,,,15224832
Kimi-K2.5,vision,26,,15239504,30479008,12,,,,15224832
Kimi-K2.5,vision,27,,15239504,30479008,12,,,,15224832
Kimi-K2.5,vision_other,0,,5399424,10798848,5,,,,
Kimi-K2.6,decoder,1,MLA + Dense,497500160,995000320,12,,101124096,,497483776
Kimi-K2.6,decoder,2,MLA + MoE,17059365248,9808554496,3470,16911433728,101124096,44040192,500236288.00000197
Kimi-K2.6,decoder,3,MLA + MoE,17059365248,9808554496,3470,16911433728,101124096,44040192,500236288.00000197
Kimi-K2.6,decoder,4,MLA + MoE,17059365248,9808554496,3470,16911433728,101124096,44040192,500236288.00000197
Kimi-K2.6,decoder,5,MLA + MoE,17059365248,9808554496,3470,16911433728,101124096,44040192,500236288.00000197
Kimi-K2.6,decoder,6,MLA + MoE,17059365248,9808554496,3470,16911433728,101124096,44040192,500236288.00000197
Kimi-K2.6,decoder,7,MLA + MoE,17059365248,9808554496,3470,16911433728,101124096,44040192,500236288.00000197
Kimi-K2.6,decoder,8,MLA + MoE,17059365248,9808554496,3470,16911433728,101124096,44040192,500236288.00000197
Kimi-K2.6,decoder,9,MLA + MoE,17059365248,9808554496,3470,16911433728,101124096,44040192,500236288.00000197
Kimi-K2.6,decoder,10,MLA + MoE,17059365248,9808554496,3470,16911433728,101124096,44040192,500236288.00000197
Kimi-K2.6,decoder,11,MLA + MoE,17059365248,9808554496,3470,16911433728,101124096,44040192,500236288.00000197
Kimi-K2.6,decoder,12,MLA + MoE,17059365248,9808554496,3470,16911433728,101124096,44040192,500236288.00000197
Kimi-K2.6,decoder,13,MLA + MoE,17059365248,9808554496,3470,16911433728,101124096,44040192,500236288.00000197
Kimi-K2.6,decoder,14,MLA + MoE,17059365248,9808554496,3470,16911433728,101124096,44040192,500236288.00000197
Kimi-K2.6,decoder,15,MLA + MoE,17059365248,9808554496,3470,16911433728,101124096,44040192,500236288.00000197
Kimi-K2.6,decoder,16,MLA + MoE,17059365248,9808554496,3470,16911433728,101124096,44040192,500236288.00000197
Kimi-K2.6,decoder,17,MLA + MoE,17059365248,9808554496,3470,16911433728,101124096,44040192,500236288.00000197
Kimi-K2.6,decoder,18,MLA + MoE,17059365248,9808554496,3470,16911433728,101124096,44040192,500236288.00000197
Kimi-K2.6,decoder,19,MLA + MoE,17059365248,9808554496,3470,16911433728,101124096,44040192,500236288.00000197
Kimi-K2.6,decoder,20,MLA + MoE,17059365248,9808554496,3470,16911433728,101124096,44040192,500236288.00000197
Kimi-K2.6,decoder,21,MLA + MoE,17059365248,9808554496,3470,16911433728,101124096,44040192,500236288.00000197
Kimi-K2.6,decoder,22,MLA + MoE,17059365248,9808554496,3470,16911433728,101124096,44040192,500236288.00000197
Kimi-K2.6,decoder,23,MLA + MoE,17059365248,9808554496,3470,16911433728,101124096,44040192,500236288.00000197
Kimi-K2.6,decoder,24,MLA + MoE,17059365248,9808554496,3470,16911433728,101124096,44040192,500236288.00000197
Kimi-K2.6,decoder,25,MLA + MoE,17059365248,9808554496,3470,16911433728,101124096,44040192,500236288.00000197
Kimi-K2.6,decoder,26,MLA + MoE,17059365248,9808554496,3470,16911433728,101124096,44040192,500236288.00000197
Kimi-K2.6,decoder,27,MLA + MoE,17059365248,9808554496,3470,16911433728,101124096,44040192,500236288.00000197
Kimi-K2.6,decoder,28,MLA + MoE,17059365248,9808554496,3470,16911433728,101124096,44040192,500236288.00000197
Kimi-K2.6,decoder,29,MLA + MoE,17059365248,9808554496,3470,16911433728,101124096,44040192,500236288.00000197
Kimi-K2.6,decoder,30,MLA + MoE,17059365248,9808554496,3470,16911433728,101124096,44040192,500236288.00000197
Kimi-K2.6,decoder,31,MLA + MoE,17059365248,9808554496,3470,16911433728,101124096,44040192,500236288.00000197
Kimi-K2.6,decoder,32,MLA + MoE,17059365248,9808554496,3470,16911433728,101124096,44040192,500236288.00000197
Kimi-K2.6,decoder,33,MLA + MoE,17059365248,9808554496,3470,16911433728,101124096,44040192,500236288.00000197
Kimi-K2.6,decoder,34,MLA + MoE,17059365248,9808554496,3470,16911433728,101124096,44040192,500236288.00000197
Kimi-K2.6,decoder,35,MLA + MoE,17059365248,9808554496,3470,16911433728,101124096,44040192,500236288.00000197
Kimi-K2.6,decoder,36,MLA + MoE,17059365248,9808554496,3470,16911433728,101124096,44040192,500236288.00000197
Kimi-K2.6,decoder,37,MLA + MoE,17059365248,9808554496,3470,16911433728,101124096,44040192,500236288.00000197
Kimi-K2.6,decoder,38,MLA + MoE,17059365248,9808554496,3470,16911433728,101124096,44040192,500236288.00000197
Kimi-K2.6,decoder,39,MLA + MoE,17059365248,9808554496,3470,16911433728,101124096,44040192,500236288.00000197
Kimi-K2.6,decoder,40,MLA + MoE,17059365248,9808554496,3470,16911433728,101124096,44040192,500236288.00000197
Kimi-K2.6,decoder,41,MLA + MoE,17059365248,9808554496,3470,16911433728,101124096,44040192,500236288.00000197
Kimi-K2.6,decoder,42,MLA + MoE,17059365248,9808554496,3470,16911433728,101124096,44040192,500236288.00000197
Kimi-K2.6,decoder,43,MLA + MoE,17059365248,9808554496,3470,16911433728,101124096,44040192,500236288.00000197
Kimi-K2.6,decoder,44,MLA + MoE,17059365248,9808554496,3470,16911433728,101124096,44040192,500236288.00000197
Kimi-K2.6,decoder,45,MLA + MoE,17059365248,9808554496,3470,16911433728,101124096,44040192,500236288.00000197
Kimi-K2.6,decoder,46,MLA + MoE,17059365248,9808554496,3470,16911433728,101124096,44040192,500236288.00000197
Kimi-K2.6,decoder,47,MLA + MoE,17059365248,9808554496,3470,16911433728,101124096,44040192,500236288.00000197
Kimi-K2.6,decoder,48,MLA + MoE,17059365248,9808554496,3470,16911433728,101124096,44040192,500236288.00000197
Kimi-K2.6,decoder,49,MLA + MoE,17059365248,9808554496,3470,16911433728,101124096,44040192,500236288.00000197
Kimi-K2.6,decoder,50,MLA + MoE,17059365248,9808554496,3470,16911433728,101124096,44040192,500236288.00000197
Kimi-K2.6,decoder,51,MLA + MoE,17059365248,9808554496,3470,16911433728,101124096,44040192,500236288.00000197
Kimi-K2.6,decoder,52,MLA + MoE,17059365248,9808554496,3470,16911433728,101124096,44040192,500236288.00000197
Kimi-K2.6,decoder,53,MLA + MoE,17059365248,9808554496,3470,16911433728,101124096,44040192,500236288.00000197
Kimi-K2.6,decoder,54,MLA + MoE,17059365248,9808554496,3470,16911433728,101124096,44040192,500236288.00000197
Kimi-K2.6,decoder,55,MLA + MoE,17059365248,9808554496,3470,16911433728,101124096,44040192,500236288.00000197
Kimi-K2.6,decoder,56,MLA + MoE,17059365248,9808554496,3470,16911433728,101124096,44040192,500236288.00000197
Kimi-K2.6,decoder,57,MLA + MoE,17059365248,9808554496,3470,16911433728,101124096,44040192,500236288.00000197
Kimi-K2.6,decoder,58,MLA + MoE,17059365248,9808554496,3470,16911433728,101124096,44040192,500236288.00000197
Kimi-K2.6,decoder,59,MLA + MoE,17059365248,9808554496,3470,16911433728,101124096,44040192,500236288.00000197
Kimi-K2.6,decoder,60,MLA + MoE,17059365248,9808554496,3470,16911433728,101124096,44040192,500236288.00000197
Kimi-K2.6,decoder,61,MLA + MoE,17059365248,9808554496,3470,16911433728,101124096,44040192,500236288.00000197
Kimi-K2.6,embedding,0,,1174405120,2348810240,1,,,,
Kimi-K2.6,final_norm_and_residual,0,,7168,14336,1,,,,
Kimi-K2.6,output_head,0,,1174405120,2348810240,1,,,,1174405120
Kimi-K2.6,projector,0,,54277888,108555776,6,,,,54263808
Kimi-K2.6,vision,1,,15239504,30479008,12,,,,15224832
Kimi-K2.6,vision,2,,15239504,30479008,12,,,,15224832
Kimi-K2.6,vision,3,,15239504,30479008,12,,,,15224832
Kimi-K2.6,vision,4,,15239504,30479008,12,,,,15224832
Kimi-K2.6,vision,5,,15239504,30479008,12,,,,15224832
Kimi-K2.6,vision,6,,15239504,30479008,12,,,,15224832
Kimi-K2.6,vision,7,,15239504,30479008,12,,,,15224832
Kimi-K2.6,vision,8,,15239504,30479008,12,,,,15224832
Kimi-K2.6,vision,9,,15239504,30479008,12,,,,15224832
Kimi-K2.6,vision,10,,15239504,30479008,12,,,,15224832
Kimi-K2.6,vision,11,,15239504,30479008,12,,,,15224832
Kimi-K2.6,vision,12,,15239504,30479008,12,,,,15224832
Kimi-K2.6,vision,13,,15239504,30479008,12,,,,15224832
Kimi-K2.6,vision,14,,15239504,30479008,12,,,,15224832
Kimi-K2.6,vision,15,,15239504,30479008,12,,,,15224832
Kimi-K2.6,vision,16,,15239504,30479008,12,,,,15224832
Kimi-K2.6,vision,17,,15239504,30479008,12,,,,15224832
Kimi-K2.6,vision,18,,15239504,30479008,12,,,,15224832
Kimi-K2.6,vision,19,,15239504,30479008,12,,,,15224832
Kimi-K2.6,vision,20,,15239504,30479008,12,,,,15224832
Kimi-K2.6,vision,21,,15239504,30479008,12,,,,15224832
Kimi-K2.6,vision,22,,15239504,30479008,12,,,,15224832
Kimi-K2.6,vision,23,,15239504,30479008,12,,,,15224832
Kimi-K2.6,vision,24,,15239504,30479008,12,,,,15224832
Kimi-K2.6,vision,25,,15239504,30479008,12,,,,15224832
Kimi-K2.6,vision,26,,15239504,30479008,12,,,,15224832
Kimi-K2.6,vision,27,,15239504,30479008,12,,,,15224832
Kimi-K2.6,vision_other,0,,5399424,10798848,5,,,,
Kimi-K2.7-Code,decoder,1,MLA + Dense,497500160,995000320,12,,101124096,,497483776
Kimi-K2.7-Code,decoder,2,MLA + MoE,17059365248,9808554496,3470,16911433728,101124096,44040192,500236288.00000197
Kimi-K2.7-Code,decoder,3,MLA + MoE,17059365248,9808554496,3470,16911433728,101124096,44040192,500236288.00000197
Kimi-K2.7-Code,decoder,4,MLA + MoE,17059365248,9808554496,3470,16911433728,101124096,44040192,500236288.00000197
Kimi-K2.7-Code,decoder,5,MLA + MoE,17059365248,9808554496,3470,16911433728,101124096,44040192,500236288.00000197
Kimi-K2.7-Code,decoder,6,MLA + MoE,17059365248,9808554496,3470,16911433728,101124096,44040192,500236288.00000197
Kimi-K2.7-Code,decoder,7,MLA + MoE,17059365248,9808554496,3470,16911433728,101124096,44040192,500236288.00000197
Kimi-K2.7-Code,decoder,8,MLA + MoE,17059365248,9808554496,3470,16911433728,101124096,44040192,500236288.00000197
Kimi-K2.7-Code,decoder,9,MLA + MoE,17059365248,9808554496,3470,16911433728,101124096,44040192,500236288.00000197
Kimi-K2.7-Code,decoder,10,MLA + MoE,17059365248,9808554496,3470,16911433728,101124096,44040192,500236288.00000197
Kimi-K2.7-Code,decoder,11,MLA + MoE,17059365248,9808554496,3470,16911433728,101124096,44040192,500236288.00000197
Kimi-K2.7-Code,decoder,12,MLA + MoE,17059365248,9808554496,3470,16911433728,101124096,44040192,500236288.00000197
Kimi-K2.7-Code,decoder,13,MLA + MoE,17059365248,9808554496,3470,16911433728,101124096,44040192,500236288.00000197
Kimi-K2.7-Code,decoder,14,MLA + MoE,17059365248,9808554496,3470,16911433728,101124096,44040192,500236288.00000197
Kimi-K2.7-Code,decoder,15,MLA + MoE,17059365248,9808554496,3470,16911433728,101124096,44040192,500236288.00000197
Kimi-K2.7-Code,decoder,16,MLA + MoE,17059365248,9808554496,3470,16911433728,101124096,44040192,500236288.00000197
Kimi-K2.7-Code,decoder,17,MLA + MoE,17059365248,9808554496,3470,16911433728,101124096,44040192,500236288.00000197
Kimi-K2.7-Code,decoder,18,MLA + MoE,17059365248,9808554496,3470,16911433728,101124096,44040192,500236288.00000197
Kimi-K2.7-Code,decoder,19,MLA + MoE,17059365248,9808554496,3470,16911433728,101124096,44040192,500236288.00000197
Kimi-K2.7-Code,decoder,20,MLA + MoE,17059365248,9808554496,3470,16911433728,101124096,44040192,500236288.00000197
Kimi-K2.7-Code,decoder,21,MLA + MoE,17059365248,9808554496,3470,16911433728,101124096,44040192,500236288.00000197
Kimi-K2.7-Code,decoder,22,MLA + MoE,17059365248,9808554496,3470,16911433728,101124096,44040192,500236288.00000197
Kimi-K2.7-Code,decoder,23,MLA + MoE,17059365248,9808554496,3470,16911433728,101124096,44040192,500236288.00000197
Kimi-K2.7-Code,decoder,24,MLA + MoE,17059365248,9808554496,3470,16911433728,101124096,44040192,500236288.00000197
Kimi-K2.7-Code,decoder,25,MLA + MoE,17059365248,9808554496,3470,16911433728,101124096,44040192,500236288.00000197
Kimi-K2.7-Code,decoder,26,MLA + MoE,17059365248,9808554496,3470,16911433728,101124096,44040192,500236288.00000197
Kimi-K2.7-Code,decoder,27,MLA + MoE,17059365248,9808554496,3470,16911433728,101124096,44040192,500236288.00000197
Kimi-K2.7-Code,decoder,28,MLA + MoE,17059365248,9808554496,3470,16911433728,101124096,44040192,500236288.00000197
Kimi-K2.7-Code,decoder,29,MLA + MoE,17059365248,9808554496,3470,16911433728,101124096,44040192,500236288.00000197
Kimi-K2.7-Code,decoder,30,MLA + MoE,17059365248,9808554496,3470,16911433728,101124096,44040192,500236288.00000197
Kimi-K2.7-Code,decoder,31,MLA + MoE,17059365248,9808554496,3470,16911433728,101124096,44040192,500236288.00000197
Kimi-K2.7-Code,decoder,32,MLA + MoE,17059365248,9808554496,3470,16911433728,101124096,44040192,500236288.00000197
Kimi-K2.7-Code,decoder,33,MLA + MoE,17059365248,9808554496,3470,16911433728,101124096,44040192,500236288.00000197
Kimi-K2.7-Code,decoder,34,MLA + MoE,17059365248,9808554496,3470,16911433728,101124096,44040192,500236288.00000197
Kimi-K2.7-Code,decoder,35,MLA + MoE,17059365248,9808554496,3470,16911433728,101124096,44040192,500236288.00000197
Kimi-K2.7-Code,decoder,36,MLA + MoE,17059365248,9808554496,3470,16911433728,101124096,44040192,500236288.00000197
Kimi-K2.7-Code,decoder,37,MLA + MoE,17059365248,9808554496,3470,16911433728,101124096,44040192,500236288.00000197
Kimi-K2.7-Code,decoder,38,MLA + MoE,17059365248,9808554496,3470,16911433728,101124096,44040192,500236288.00000197
Kimi-K2.7-Code,decoder,39,MLA + MoE,17059365248,9808554496,3470,16911433728,101124096,44040192,500236288.00000197
Kimi-K2.7-Code,decoder,40,MLA + MoE,17059365248,9808554496,3470,16911433728,101124096,44040192,500236288.00000197
Kimi-K2.7-Code,decoder,41,MLA + MoE,17059365248,9808554496,3470,16911433728,101124096,44040192,500236288.00000197
Kimi-K2.7-Code,decoder,42,MLA + MoE,17059365248,9808554496,3470,16911433728,101124096,44040192,500236288.00000197
Kimi-K2.7-Code,decoder,43,MLA + MoE,17059365248,9808554496,3470,16911433728,101124096,44040192,500236288.00000197
Kimi-K2.7-Code,decoder,44,MLA + MoE,17059365248,9808554496,3470,16911433728,101124096,44040192,500236288.00000197
Kimi-K2.7-Code,decoder,45,MLA + MoE,17059365248,9808554496,3470,16911433728,101124096,44040192,500236288.00000197
Kimi-K2.7-Code,decoder,46,MLA + MoE,17059365248,9808554496,3470,16911433728,101124096,44040192,500236288.00000197
Kimi-K2.7-Code,decoder,47,MLA + MoE,17059365248,9808554496,3470,16911433728,101124096,44040192,500236288.00000197
Kimi-K2.7-Code,decoder,48,MLA + MoE,17059365248,9808554496,3470,16911433728,101124096,44040192,500236288.00000197
Kimi-K2.7-Code,decoder,49,MLA + MoE,17059365248,9808554496,3470,16911433728,101124096,44040192,500236288.00000197
Kimi-K2.7-Code,decoder,50,MLA + MoE,17059365248,9808554496,3470,16911433728,101124096,44040192,500236288.00000197
Kimi-K2.7-Code,decoder,51,MLA + MoE,17059365248,9808554496,3470,16911433728,101124096,44040192,500236288.00000197
Kimi-K2.7-Code,decoder,52,MLA + MoE,17059365248,9808554496,3470,16911433728,101124096,44040192,500236288.00000197
Kimi-K2.7-Code,decoder,53,MLA + MoE,17059365248,9808554496,3470,16911433728,101124096,44040192,500236288.00000197
Kimi-K2.7-Code,decoder,54,MLA + MoE,17059365248,9808554496,3470,16911433728,101124096,44040192,500236288.00000197
Kimi-K2.7-Code,decoder,55,MLA + MoE,17059365248,9808554496,3470,16911433728,101124096,44040192,500236288.00000197
Kimi-K2.7-Code,decoder,56,MLA + MoE,17059365248,9808554496,3470,16911433728,101124096,44040192,500236288.00000197
Kimi-K2.7-Code,decoder,57,MLA + MoE,17059365248,9808554496,3470,16911433728,101124096,44040192,500236288.00000197
Kimi-K2.7-Code,decoder,58,MLA + MoE,17059365248,9808554496,3470,16911433728,101124096,44040192,500236288.00000197
Kimi-K2.7-Code,decoder,59,MLA + MoE,17059365248,9808554496,3470,16911433728,101124096,44040192,500236288.00000197
Kimi-K2.7-Code,decoder,60,MLA + MoE,17059365248,9808554496,3470,16911433728,101124096,44040192,500236288.00000197
Kimi-K2.7-Code,decoder,61,MLA + MoE,17059365248,9808554496,3470,16911433728,101124096,44040192,500236288.00000197
Kimi-K2.7-Code,embedding,0,,1174405120,2348810240,1,,,,
Kimi-K2.7-Code,final_norm_and_residual,0,,7168,14336,1,,,,
Kimi-K2.7-Code,output_head,0,,1174405120,2348810240,1,,,,1174405120
Kimi-K2.7-Code,projector,0,,54277888,108555776,6,,,,54263808
Kimi-K2.7-Code,vision,1,,15239504,30479008,12,,,,15224832
Kimi-K2.7-Code,vision,2,,15239504,30479008,12,,,,15224832
Kimi-K2.7-Code,vision,3,,15239504,30479008,12,,,,15224832
Kimi-K2.7-Code,vision,4,,15239504,30479008,12,,,,15224832
Kimi-K2.7-Code,vision,5,,15239504,30479008,12,,,,15224832
Kimi-K2.7-Code,vision,6,,15239504,30479008,12,,,,15224832
Kimi-K2.7-Code,vision,7,,15239504,30479008,12,,,,15224832
Kimi-K2.7-Code,vision,8,,15239504,30479008,12,,,,15224832
Kimi-K2.7-Code,vision,9,,15239504,30479008,12,,,,15224832
Kimi-K2.7-Code,vision,10,,15239504,30479008,12,,,,15224832
Kimi-K2.7-Code,vision,11,,15239504,30479008,12,,,,15224832
Kimi-K2.7-Code,vision,12,,15239504,30479008,12,,,,15224832
Kimi-K2.7-Code,vision,13,,15239504,30479008,12,,,,15224832
Kimi-K2.7-Code,vision,14,,15239504,30479008,12,,,,15224832
Kimi-K2.7-Code,vision,15,,15239504,30479008,12,,,,15224832
Kimi-K2.7-Code,vision,16,,15239504,30479008,12,,,,15224832
Kimi-K2.7-Code,vision,17,,15239504,30479008,12,,,,15224832
Kimi-K2.7-Code,vision,18,,15239504,30479008,12,,,,15224832
Kimi-K2.7-Code,vision,19,,15239504,30479008,12,,,,15224832
Kimi-K2.7-Code,vision,20,,15239504,30479008,12,,,,15224832
Kimi-K2.7-Code,vision,21,,15239504,30479008,12,,,,15224832
Kimi-K2.7-Code,vision,22,,15239504,30479008,12,,,,15224832
Kimi-K2.7-Code,vision,23,,15239504,30479008,12,,,,15224832
Kimi-K2.7-Code,vision,24,,15239504,30479008,12,,,,15224832
Kimi-K2.7-Code,vision,25,,15239504,30479008,12,,,,15224832
Kimi-K2.7-Code,vision,26,,15239504,30479008,12,,,,15224832
Kimi-K2.7-Code,vision,27,,15239504,30479008,12,,,,15224832
Kimi-K2.7-Code,vision_other,0,,5399424,10798848,5,,,,
Kimi-K3,decoder,1,KDA + Dense,1170446592,2341213184,23,,443740416,,1170257920
Kimi-K3,decoder,2,KDA + MoE,30228720256,16990092800,5404,29595009024,443740416,132120576,1162000384.0
Kimi-K3,decoder,3,KDA + MoE,30228720256,16990092800,5404,29595009024,443740416,132120576,1162000384.0
Kimi-K3,decoder,4,MLA + MoE,30017175936,16566684160,5398,29595009024,232196096,132120576,950614016.0
Kimi-K3,decoder,5,KDA + MoE,30228720256,16990092800,5404,29595009024,443740416,132120576,1162000384.0
Kimi-K3,decoder,6,KDA + MoE,30228720256,16990092800,5404,29595009024,443740416,132120576,1162000384.0
Kimi-K3,decoder,7,KDA + MoE,30228720256,16990092800,5404,29595009024,443740416,132120576,1162000384.0
Kimi-K3,decoder,8,MLA + MoE,30017175936,16566684160,5398,29595009024,232196096,132120576,950614016.0
Kimi-K3,decoder,9,KDA + MoE,30228720256,16990092800,5404,29595009024,443740416,132120576,1162000384.0
Kimi-K3,decoder,10,KDA + MoE,30228720256,16990092800,5404,29595009024,443740416,132120576,1162000384.0
Kimi-K3,decoder,11,KDA + MoE,30228720256,16990092800,5404,29595009024,443740416,132120576,1162000384.0
Kimi-K3,decoder,12,MLA + MoE,30017175936,16566684160,5398,29595009024,232196096,132120576,950614016.0
Kimi-K3,decoder,13,KDA + MoE,30228720256,16990092800,5404,29595009024,443740416,132120576,1162000384.0
Kimi-K3,decoder,14,KDA + MoE,30228720256,16990092800,5404,29595009024,443740416,132120576,1162000384.0
Kimi-K3,decoder,15,KDA + MoE,30228720256,16990092800,5404,29595009024,443740416,132120576,1162000384.0
Kimi-K3,decoder,16,MLA + MoE,30017175936,16566684160,5398,29595009024,232196096,132120576,950614016.0
Kimi-K3,decoder,17,KDA + MoE,30228720256,16990092800,5404,29595009024,443740416,132120576,1162000384.0
Kimi-K3,decoder,18,KDA + MoE,30228720256,16990092800,5404,29595009024,443740416,132120576,1162000384.0
Kimi-K3,decoder,19,KDA + MoE,30228720256,16990092800,5404,29595009024,443740416,132120576,1162000384.0
Kimi-K3,decoder,20,MLA + MoE,30017175936,16566684160,5398,29595009024,232196096,132120576,950614016.0
Kimi-K3,decoder,21,KDA + MoE,30228720256,16990092800,5404,29595009024,443740416,132120576,1162000384.0
Kimi-K3,decoder,22,KDA + MoE,30228720256,16990092800,5404,29595009024,443740416,132120576,1162000384.0
Kimi-K3,decoder,23,KDA + MoE,30228720256,16990092800,5404,29595009024,443740416,132120576,1162000384.0
Kimi-K3,decoder,24,MLA + MoE,30017175936,16566684160,5398,29595009024,232196096,132120576,950614016.0
Kimi-K3,decoder,25,KDA + MoE,30228720256,16990092800,5404,29595009024,443740416,132120576,1162000384.0
Kimi-K3,decoder,26,KDA + MoE,30228720256,16990092800,5404,29595009024,443740416,132120576,1162000384.0
Kimi-K3,decoder,27,KDA + MoE,30228720256,16990092800,5404,29595009024,443740416,132120576,1162000384.0
Kimi-K3,decoder,28,MLA + MoE,30017175936,16566684160,5398,29595009024,232196096,132120576,950614016.0
Kimi-K3,decoder,29,KDA + MoE,30228720256,16990092800,5404,29595009024,443740416,132120576,1162000384.0
Kimi-K3,decoder,30,KDA + MoE,30228720256,16990092800,5404,29595009024,443740416,132120576,1162000384.0
Kimi-K3,decoder,31,KDA + MoE,30228720256,16990092800,5404,29595009024,443740416,132120576,1162000384.0
Kimi-K3,decoder,32,MLA + MoE,30017175936,16566684160,5398,29595009024,232196096,132120576,950614016.0
Kimi-K3,decoder,33,KDA + MoE,30228720256,16990092800,5404,29595009024,443740416,132120576,1162000384.0
Kimi-K3,decoder,34,KDA + MoE,30228720256,16990092800,5404,29595009024,443740416,132120576,1162000384.0
Kimi-K3,decoder,35,KDA + MoE,30228720256,16990092800,5404,29595009024,443740416,132120576,1162000384.0
Kimi-K3,decoder,36,MLA + MoE,30017175936,16566684160,5398,29595009024,232196096,132120576,950614016.0
Kimi-K3,decoder,37,KDA + MoE,30228720256,16990092800,5404,29595009024,443740416,132120576,1162000384.0
Kimi-K3,decoder,38,KDA + MoE,30228720256,16990092800,5404,29595009024,443740416,132120576,1162000384.0
Kimi-K3,decoder,39,KDA + MoE,30228720256,16990092800,5404,29595009024,443740416,132120576,1162000384.0
Kimi-K3,decoder,40,MLA + MoE,30017175936,16566684160,5398,29595009024,232196096,132120576,950614016.0
Kimi-K3,decoder,41,KDA + MoE,30228720256,16990092800,5404,29595009024,443740416,132120576,1162000384.0
Kimi-K3,decoder,42,KDA + MoE,30228720256,16990092800,5404,29595009024,443740416,132120576,1162000384.0
Kimi-K3,decoder,43,KDA + MoE,30228720256,16990092800,5404,29595009024,443740416,132120576,1162000384.0
Kimi-K3,decoder,44,MLA + MoE,30017175936,16566684160,5398,29595009024,232196096,132120576,950614016.0
Kimi-K3,decoder,45,KDA + MoE,30228720256,16990092800,5404,29595009024,443740416,132120576,1162000384.0
Kimi-K3,decoder,46,KDA + MoE,30228720256,16990092800,5404,29595009024,443740416,132120576,1162000384.0
Kimi-K3,decoder,47,KDA + MoE,30228720256,16990092800,5404,29595009024,443740416,132120576,1162000384.0
Kimi-K3,decoder,48,MLA + MoE,30017175936,16566684160,5398,29595009024,232196096,132120576,950614016.0
Kimi-K3,decoder,49,KDA + MoE,30228720256,16990092800,5404,29595009024,443740416,132120576,1162000384.0
Kimi-K3,decoder,50,KDA + MoE,30228720256,16990092800,5404,29595009024,443740416,132120576,1162000384.0
Kimi-K3,decoder,51,KDA + MoE,30228720256,16990092800,5404,29595009024,443740416,132120576,1162000384.0
Kimi-K3,decoder,52,MLA + MoE,30017175936,16566684160,5398,29595009024,232196096,132120576,950614016.0
Kimi-K3,decoder,53,KDA + MoE,30228720256,16990092800,5404,29595009024,443740416,132120576,1162000384.0
Kimi-K3,decoder,54,KDA + MoE,30228720256,16990092800,5404,29595009024,443740416,132120576,1162000384.0
Kimi-K3,decoder,55,KDA + MoE,30228720256,16990092800,5404,29595009024,443740416,132120576,1162000384.0
Kimi-K3,decoder,56,MLA + MoE,30017175936,16566684160,5398,29595009024,232196096,132120576,950614016.0
Kimi-K3,decoder,57,KDA + MoE,30228720256,16990092800,5404,29595009024,443740416,132120576,1162000384.0
Kimi-K3,decoder,58,KDA + MoE,30228720256,16990092800,5404,29595009024,443740416,132120576,1162000384.0
Kimi-K3,decoder,59,KDA + MoE,30228720256,16990092800,5404,29595009024,443740416,132120576,1162000384.0
Kimi-K3,decoder,60,MLA + MoE,30017175936,16566684160,5398,29595009024,232196096,132120576,950614016.0
Kimi-K3,decoder,61,KDA + MoE,30228720256,16990092800,5404,29595009024,443740416,132120576,1162000384.0
Kimi-K3,decoder,62,KDA + MoE,30228720256,16990092800,5404,29595009024,443740416,132120576,1162000384.0
Kimi-K3,decoder,63,KDA + MoE,30228720256,16990092800,5404,29595009024,443740416,132120576,1162000384.0
Kimi-K3,decoder,64,MLA + MoE,30017175936,16566684160,5398,29595009024,232196096,132120576,950614016.0
Kimi-K3,decoder,65,KDA + MoE,30228720256,16990092800,5404,29595009024,443740416,132120576,1162000384.0
Kimi-K3,decoder,66,KDA + MoE,30228720256,16990092800,5404,29595009024,443740416,132120576,1162000384.0
Kimi-K3,decoder,67,KDA + MoE,30228720256,16990092800,5404,29595009024,443740416,132120576,1162000384.0
Kimi-K3,decoder,68,MLA + MoE,30017175936,16566684160,5398,29595009024,232196096,132120576,950614016.0
Kimi-K3,decoder,69,KDA + MoE,30228720256,16990092800,5404,29595009024,443740416,132120576,1162000384.0
Kimi-K3,decoder,70,KDA + MoE,30228720256,16990092800,5404,29595009024,443740416,132120576,1162000384.0
Kimi-K3,decoder,71,KDA + MoE,30228720256,16990092800,5404,29595009024,443740416,132120576,1162000384.0
Kimi-K3,decoder,72,MLA + MoE,30017175936,16566684160,5398,29595009024,232196096,132120576,950614016.0
Kimi-K3,decoder,73,KDA + MoE,30228720256,16990092800,5404,29595009024,443740416,132120576,1162000384.0
Kimi-K3,decoder,74,KDA + MoE,30228720256,16990092800,5404,29595009024,443740416,132120576,1162000384.0
Kimi-K3,decoder,75,KDA + MoE,30228720256,16990092800,5404,29595009024,443740416,132120576,1162000384.0
Kimi-K3,decoder,76,MLA + MoE,30017175936,16566684160,5398,29595009024,232196096,132120576,950614016.0
Kimi-K3,decoder,77,KDA + MoE,30228720256,16990092800,5404,29595009024,443740416,132120576,1162000384.0
Kimi-K3,decoder,78,KDA + MoE,30228720256,16990092800,5404,29595009024,443740416,132120576,1162000384.0
Kimi-K3,decoder,79,KDA + MoE,30228720256,16990092800,5404,29595009024,443740416,132120576,1162000384.0
Kimi-K3,decoder,80,MLA + MoE,30017175936,16566684160,5398,29595009024,232196096,132120576,950614016.0
Kimi-K3,decoder,81,KDA + MoE,30228720256,16990092800,5404,29595009024,443740416,132120576,1162000384.0
Kimi-K3,decoder,82,KDA + MoE,30228720256,16990092800,5404,29595009024,443740416,132120576,1162000384.0
Kimi-K3,decoder,83,KDA + MoE,30228720256,16990092800,5404,29595009024,443740416,132120576,1162000384.0
Kimi-K3,decoder,84,MLA + MoE,30017175936,16566684160,5398,29595009024,232196096,132120576,950614016.0
Kimi-K3,decoder,85,KDA + MoE,30228720256,16990092800,5404,29595009024,443740416,132120576,1162000384.0
Kimi-K3,decoder,86,KDA + MoE,30228720256,16990092800,5404,29595009024,443740416,132120576,1162000384.0
Kimi-K3,decoder,87,KDA + MoE,30228720256,16990092800,5404,29595009024,443740416,132120576,1162000384.0
Kimi-K3,decoder,88,MLA + MoE,30017175936,16566684160,5398,29595009024,232196096,132120576,950614016.0
Kimi-K3,decoder,89,KDA + MoE,30228720256,16990092800,5404,29595009024,443740416,132120576,1162000384.0
Kimi-K3,decoder,90,KDA + MoE,30228720256,16990092800,5404,29595009024,443740416,132120576,1162000384.0
Kimi-K3,decoder,91,KDA + MoE,30228720256,16990092800,5404,29595009024,443740416,132120576,1162000384.0
Kimi-K3,decoder,92,MLA + MoE,30017175936,16566684160,5398,29595009024,232196096,132120576,950614016.0
Kimi-K3,decoder,93,MLA + MoE,30017175936,16566684160,5398,29595009024,232196096,132120576,950614016.0
Kimi-K3,embedding,0,,1174405120,2348810240,1,,,,
Kimi-K3,final_norm_and_residual,0,,21504,43008,3,,,,7168
Kimi-K3,output_head,0,,1174405120,2348810240,1,,,,1174405120
Kimi-K3,projector,0,,46144512,92289024,3,,,,46137344
Kimi-K3,vision,1,,14682112,29364224,6,,,,14680064
Kimi-K3,vision,2,,14682112,29364224,6,,,,14680064
Kimi-K3,vision,3,,14682112,29364224,6,,,,14680064
Kimi-K3,vision,4,,14682112,29364224,6,,,,14680064
Kimi-K3,vision,5,,14682112,29364224,6,,,,14680064
Kimi-K3,vision,6,,14682112,29364224,6,,,,14680064
Kimi-K3,vision,7,,14682112,29364224,6,,,,14680064
Kimi-K3,vision,8,,14682112,29364224,6,,,,14680064
Kimi-K3,vision,9,,14682112,29364224,6,,,,14680064
Kimi-K3,vision,10,,14682112,29364224,6,,,,14680064
Kimi-K3,vision,11,,14682112,29364224,6,,,,14680064
Kimi-K3,vision,12,,14682112,29364224,6,,,,14680064
Kimi-K3,vision,13,,14682112,29364224,6,,,,14680064
Kimi-K3,vision,14,,14682112,29364224,6,,,,14680064
Kimi-K3,vision,15,,14682112,29364224,6,,,,14680064
Kimi-K3,vision,16,,14682112,29364224,6,,,,14680064
Kimi-K3,vision,17,,14682112,29364224,6,,,,14680064
Kimi-K3,vision,18,,14682112,29364224,6,,,,14680064
Kimi-K3,vision,19,,14682112,29364224,6,,,,14680064
Kimi-K3,vision,20,,14682112,29364224,6,,,,14680064
Kimi-K3,vision,21,,14682112,29364224,6,,,,14680064
Kimi-K3,vision,22,,14682112,29364224,6,,,,14680064
Kimi-K3,vision,23,,14682112,29364224,6,,,,14680064
Kimi-K3,vision,24,,14682112,29364224,6,,,,14680064
Kimi-K3,vision,25,,14682112,29364224,6,,,,14680064
Kimi-K3,vision,26,,14682112,29364224,6,,,,14680064
Kimi-K3,vision,27,,14682112,29364224,6,,,,14680064
Kimi-K3,vision_other,0,,4797440,9594880,3,,,,
