section,item,numeric_value,text_value,tensor_template,logical_shape,logical_parameters_each,count,logical_parameters,expected_scale_shape,stored_shape,stored_dtype,payload_bytes,evidence,source_id,reference_url,scope
config,attention_bias,,false,,,,,,,,unknown,,official,hf-v3-config-json,https://huggingface.co/deepseek-ai/DeepSeek-V3/blob/e815299b0bcbac849fa540c768ef21845365c9eb/config.json,checkpoint 字段；无直接 demo 配置映射
config,bos_token_id,0,,,,,,,,,unknown,,official,hf-v3-config-json,https://huggingface.co/deepseek-ai/DeepSeek-V3/blob/e815299b0bcbac849fa540c768ef21845365c9eb/config.json,checkpoint 字段；无直接 demo 配置映射
config,eos_token_id,1,,,,,,,,,unknown,,official,hf-v3-config-json,https://huggingface.co/deepseek-ai/DeepSeek-V3/blob/e815299b0bcbac849fa540c768ef21845365c9eb/config.json,checkpoint 字段；无直接 demo 配置映射
config,ep_size,1,,,,,,,,,unknown,,official,hf-v3-config-json,https://huggingface.co/deepseek-ai/DeepSeek-V3/blob/e815299b0bcbac849fa540c768ef21845365c9eb/config.json,checkpoint 字段；无直接 demo 配置映射
config,first_k_dense_replace,3,,,,,,,,,unknown,,official,hf-v3-config-json,https://huggingface.co/deepseek-ai/DeepSeek-V3/blob/e815299b0bcbac849fa540c768ef21845365c9eb/config.json,demo.n_dense_layers=3
config,hidden_act,,silu,,,,,,,,unknown,,official,hf-v3-config-json,https://huggingface.co/deepseek-ai/DeepSeek-V3/blob/e815299b0bcbac849fa540c768ef21845365c9eb/config.json,checkpoint 字段；无直接 demo 配置映射
config,hidden_size,7168,,,,,,,,,unknown,,official,hf-v3-config-json,https://huggingface.co/deepseek-ai/DeepSeek-V3/blob/e815299b0bcbac849fa540c768ef21845365c9eb/config.json,demo.dim=7168
config,intermediate_size,18432,,,,,,,,,unknown,,official,hf-v3-config-json,https://huggingface.co/deepseek-ai/DeepSeek-V3/blob/e815299b0bcbac849fa540c768ef21845365c9eb/config.json,demo.inter_dim=18432
config,kv_lora_rank,512,,,,,,,,,unknown,,official,hf-v3-config-json,https://huggingface.co/deepseek-ai/DeepSeek-V3/blob/e815299b0bcbac849fa540c768ef21845365c9eb/config.json,demo.kv_lora_rank=512
config,max_position_embeddings,163840,,,,,,,,,unknown,,official,hf-v3-config-json,https://huggingface.co/deepseek-ai/DeepSeek-V3/blob/e815299b0bcbac849fa540c768ef21845365c9eb/config.json,checkpoint 字段；无直接 demo 配置映射
config,model_type,,deepseek_v3,,,,,,,,unknown,,official,hf-v3-config-json,https://huggingface.co/deepseek-ai/DeepSeek-V3/blob/e815299b0bcbac849fa540c768ef21845365c9eb/config.json,checkpoint 字段；无直接 demo 配置映射
config,moe_intermediate_size,2048,,,,,,,,,unknown,,official,hf-v3-config-json,https://huggingface.co/deepseek-ai/DeepSeek-V3/blob/e815299b0bcbac849fa540c768ef21845365c9eb/config.json,demo.moe_inter_dim=2048
config,moe_layer_freq,1,,,,,,,,,unknown,,official,hf-v3-config-json,https://huggingface.co/deepseek-ai/DeepSeek-V3/blob/e815299b0bcbac849fa540c768ef21845365c9eb/config.json,checkpoint 字段；无直接 demo 配置映射
config,n_group,8,,,,,,,,,unknown,,official,hf-v3-config-json,https://huggingface.co/deepseek-ai/DeepSeek-V3/blob/e815299b0bcbac849fa540c768ef21845365c9eb/config.json,demo.n_expert_groups=8
config,n_routed_experts,256,,,,,,,,,unknown,,official,hf-v3-config-json,https://huggingface.co/deepseek-ai/DeepSeek-V3/blob/e815299b0bcbac849fa540c768ef21845365c9eb/config.json,demo.n_routed_experts=256
config,n_shared_experts,1,,,,,,,,,unknown,,official,hf-v3-config-json,https://huggingface.co/deepseek-ai/DeepSeek-V3/blob/e815299b0bcbac849fa540c768ef21845365c9eb/config.json,demo.n_shared_experts=1
config,norm_topk_prob,,true,,,,,,,,unknown,,official,hf-v3-config-json,https://huggingface.co/deepseek-ai/DeepSeek-V3/blob/e815299b0bcbac849fa540c768ef21845365c9eb/config.json,checkpoint 字段；无直接 demo 配置映射
config,num_attention_heads,128,,,,,,,,,unknown,,official,hf-v3-config-json,https://huggingface.co/deepseek-ai/DeepSeek-V3/blob/e815299b0bcbac849fa540c768ef21845365c9eb/config.json,demo.n_heads=128
config,num_experts_per_tok,8,,,,,,,,,unknown,,official,hf-v3-config-json,https://huggingface.co/deepseek-ai/DeepSeek-V3/blob/e815299b0bcbac849fa540c768ef21845365c9eb/config.json,demo.n_activated_experts=8
config,num_hidden_layers,61,,,,,,,,,unknown,,official,hf-v3-config-json,https://huggingface.co/deepseek-ai/DeepSeek-V3/blob/e815299b0bcbac849fa540c768ef21845365c9eb/config.json,demo.n_layers=61
config,num_key_value_heads,128,,,,,,,,,unknown,,official,hf-v3-config-json,https://huggingface.co/deepseek-ai/DeepSeek-V3/blob/e815299b0bcbac849fa540c768ef21845365c9eb/config.json,checkpoint 字段；无直接 demo 配置映射
config,num_nextn_predict_layers,1,,,,,,,,,unknown,,official,hf-v3-config-json,https://huggingface.co/deepseek-ai/DeepSeek-V3/blob/e815299b0bcbac849fa540c768ef21845365c9eb/config.json,checkpoint 字段；无直接 demo 配置映射
config,q_lora_rank,1536,,,,,,,,,unknown,,official,hf-v3-config-json,https://huggingface.co/deepseek-ai/DeepSeek-V3/blob/e815299b0bcbac849fa540c768ef21845365c9eb/config.json,demo.q_lora_rank=1536
config,qk_nope_head_dim,128,,,,,,,,,unknown,,official,hf-v3-config-json,https://huggingface.co/deepseek-ai/DeepSeek-V3/blob/e815299b0bcbac849fa540c768ef21845365c9eb/config.json,demo.qk_nope_head_dim=128
config,qk_rope_head_dim,64,,,,,,,,,unknown,,official,hf-v3-config-json,https://huggingface.co/deepseek-ai/DeepSeek-V3/blob/e815299b0bcbac849fa540c768ef21845365c9eb/config.json,demo.qk_rope_head_dim=64
config,quantization_config,,"{""activation_scheme"":""dynamic"",""fmt"":""e4m3"",""quant_method"":""fp8"",""weight_block_size"":[128,128]}",,,,,,,,unknown,,official,hf-v3-config-json,https://huggingface.co/deepseek-ai/DeepSeek-V3/blob/e815299b0bcbac849fa540c768ef21845365c9eb/config.json,checkpoint 字段；无直接 demo 配置映射
config,rms_norm_eps,0.000001,,,,,,,,,unknown,,official,hf-v3-config-json,https://huggingface.co/deepseek-ai/DeepSeek-V3/blob/e815299b0bcbac849fa540c768ef21845365c9eb/config.json,checkpoint 字段；无直接 demo 配置映射
config,rope_scaling,,"{""beta_fast"":32,""beta_slow"":1,""factor"":40,""mscale"":1,""mscale_all_dim"":1,""original_max_position_embeddings"":4096,""type"":""yarn""}",,,,,,,,unknown,,official,hf-v3-config-json,https://huggingface.co/deepseek-ai/DeepSeek-V3/blob/e815299b0bcbac849fa540c768ef21845365c9eb/config.json,checkpoint 字段；无直接 demo 配置映射
config,rope_theta,10000,,,,,,,,,unknown,,official,hf-v3-config-json,https://huggingface.co/deepseek-ai/DeepSeek-V3/blob/e815299b0bcbac849fa540c768ef21845365c9eb/config.json,checkpoint 字段；无直接 demo 配置映射
config,routed_scaling_factor,2.5,,,,,,,,,unknown,,official,hf-v3-config-json,https://huggingface.co/deepseek-ai/DeepSeek-V3/blob/e815299b0bcbac849fa540c768ef21845365c9eb/config.json,demo.route_scale=2.5
config,scoring_func,,sigmoid,,,,,,,,unknown,,official,hf-v3-config-json,https://huggingface.co/deepseek-ai/DeepSeek-V3/blob/e815299b0bcbac849fa540c768ef21845365c9eb/config.json,demo.score_func=sigmoid
config,tie_word_embeddings,,false,,,,,,,,unknown,,official,hf-v3-config-json,https://huggingface.co/deepseek-ai/DeepSeek-V3/blob/e815299b0bcbac849fa540c768ef21845365c9eb/config.json,checkpoint 字段；无直接 demo 配置映射
config,topk_group,4,,,,,,,,,unknown,,official,hf-v3-config-json,https://huggingface.co/deepseek-ai/DeepSeek-V3/blob/e815299b0bcbac849fa540c768ef21845365c9eb/config.json,demo.n_limited_groups=4
config,topk_method,,noaux_tc,,,,,,,,unknown,,official,hf-v3-config-json,https://huggingface.co/deepseek-ai/DeepSeek-V3/blob/e815299b0bcbac849fa540c768ef21845365c9eb/config.json,checkpoint 字段；无直接 demo 配置映射
config,torch_dtype,,bfloat16,,,,,,,,unknown,,official,hf-v3-config-json,https://huggingface.co/deepseek-ai/DeepSeek-V3/blob/e815299b0bcbac849fa540c768ef21845365c9eb/config.json,checkpoint 字段；无直接 demo 配置映射
config,use_cache,,true,,,,,,,,unknown,,official,hf-v3-config-json,https://huggingface.co/deepseek-ai/DeepSeek-V3/blob/e815299b0bcbac849fa540c768ef21845365c9eb/config.json,checkpoint 字段；无直接 demo 配置映射
config,v_head_dim,128,,,,,,,,,unknown,,official,hf-v3-config-json,https://huggingface.co/deepseek-ai/DeepSeek-V3/blob/e815299b0bcbac849fa540c768ef21845365c9eb/config.json,demo.v_head_dim=128
config,vocab_size,129280,,,,,,,,,unknown,,official,hf-v3-config-json,https://huggingface.co/deepseek-ai/DeepSeek-V3/blob/e815299b0bcbac849fa540c768ef21845365c9eb/config.json,demo.vocab_size=129280
matrix,attention:self_attn.q_a_proj.weight,,,model.layers.{i}.self_attn.q_a_proj.weight,"[1536,7168]",11010048,1,11010048,"[12,56]",unknown,unknown,,derived,hf-v3-config-json;hf-v3-modeling_deepseek-py;hf-v3-model-safetensors-index-json,https://huggingface.co/deepseek-ai/DeepSeek-V3/blob/e815299b0bcbac849fa540c768ef21845365c9eb/modeling_deepseek.py#L630-L695,逻辑形状来自配置+参数声明；索引仅核对名称，非文件头审计
matrix,attention:self_attn.q_a_layernorm.weight,,,model.layers.{i}.self_attn.q_a_layernorm.weight,[1536],1536,1,1536,unknown,unknown,unknown,,derived,hf-v3-config-json;hf-v3-modeling_deepseek-py;hf-v3-model-safetensors-index-json,https://huggingface.co/deepseek-ai/DeepSeek-V3/blob/e815299b0bcbac849fa540c768ef21845365c9eb/modeling_deepseek.py#L630-L695,逻辑形状来自配置+参数声明；索引仅核对名称，非文件头审计
matrix,attention:self_attn.q_b_proj.weight,,,model.layers.{i}.self_attn.q_b_proj.weight,"[24576,1536]",37748736,1,37748736,"[192,12]",unknown,unknown,,derived,hf-v3-config-json;hf-v3-modeling_deepseek-py;hf-v3-model-safetensors-index-json,https://huggingface.co/deepseek-ai/DeepSeek-V3/blob/e815299b0bcbac849fa540c768ef21845365c9eb/modeling_deepseek.py#L630-L695,逻辑形状来自配置+参数声明；索引仅核对名称，非文件头审计
matrix,attention:self_attn.kv_a_proj_with_mqa.weight,,,model.layers.{i}.self_attn.kv_a_proj_with_mqa.weight,"[576,7168]",4128768,1,4128768,"[5,56]",unknown,unknown,,derived,hf-v3-config-json;hf-v3-modeling_deepseek-py;hf-v3-model-safetensors-index-json,https://huggingface.co/deepseek-ai/DeepSeek-V3/blob/e815299b0bcbac849fa540c768ef21845365c9eb/modeling_deepseek.py#L630-L695,逻辑形状来自配置+参数声明；索引仅核对名称，非文件头审计
matrix,attention:self_attn.kv_a_layernorm.weight,,,model.layers.{i}.self_attn.kv_a_layernorm.weight,[512],512,1,512,unknown,unknown,unknown,,derived,hf-v3-config-json;hf-v3-modeling_deepseek-py;hf-v3-model-safetensors-index-json,https://huggingface.co/deepseek-ai/DeepSeek-V3/blob/e815299b0bcbac849fa540c768ef21845365c9eb/modeling_deepseek.py#L630-L695,逻辑形状来自配置+参数声明；索引仅核对名称，非文件头审计
matrix,attention:self_attn.kv_b_proj.weight,,,model.layers.{i}.self_attn.kv_b_proj.weight,"[32768,512]",16777216,1,16777216,"[256,4]",unknown,unknown,,derived,hf-v3-config-json;hf-v3-modeling_deepseek-py;hf-v3-model-safetensors-index-json,https://huggingface.co/deepseek-ai/DeepSeek-V3/blob/e815299b0bcbac849fa540c768ef21845365c9eb/modeling_deepseek.py#L630-L695,逻辑形状来自配置+参数声明；索引仅核对名称，非文件头审计
matrix,attention:self_attn.o_proj.weight,,,model.layers.{i}.self_attn.o_proj.weight,"[7168,16384]",117440512,1,117440512,"[56,128]",unknown,unknown,,derived,hf-v3-config-json;hf-v3-modeling_deepseek-py;hf-v3-model-safetensors-index-json,https://huggingface.co/deepseek-ai/DeepSeek-V3/blob/e815299b0bcbac849fa540c768ef21845365c9eb/modeling_deepseek.py#L630-L695,逻辑形状来自配置+参数声明；索引仅核对名称，非文件头审计
matrix,block_norm:input_layernorm.weight,,,model.layers.{i}.input_layernorm.weight,[7168],7168,1,7168,unknown,unknown,unknown,,derived,hf-v3-config-json;hf-v3-modeling_deepseek-py;hf-v3-model-safetensors-index-json,https://huggingface.co/deepseek-ai/DeepSeek-V3/blob/e815299b0bcbac849fa540c768ef21845365c9eb/modeling_deepseek.py#L1143-L1165,逻辑形状来自配置+参数声明；索引仅核对名称，非文件头审计
matrix,block_norm:post_attention_layernorm.weight,,,model.layers.{i}.post_attention_layernorm.weight,[7168],7168,1,7168,unknown,unknown,unknown,,derived,hf-v3-config-json;hf-v3-modeling_deepseek-py;hf-v3-model-safetensors-index-json,https://huggingface.co/deepseek-ai/DeepSeek-V3/blob/e815299b0bcbac849fa540c768ef21845365c9eb/modeling_deepseek.py#L1143-L1165,逻辑形状来自配置+参数声明；索引仅核对名称，非文件头审计
matrix,dense:mlp.gate_proj.weight,,,model.layers.{i}.mlp.gate_proj.weight,"[18432,7168]",132120576,1,132120576,"[144,56]",unknown,unknown,,derived,hf-v3-config-json;hf-v3-modeling_deepseek-py;hf-v3-model-safetensors-index-json,https://huggingface.co/deepseek-ai/DeepSeek-V3/blob/e815299b0bcbac849fa540c768ef21845365c9eb/modeling_deepseek.py#L375-L386,逻辑形状来自配置+参数声明；索引仅核对名称，非文件头审计
matrix,dense:mlp.up_proj.weight,,,model.layers.{i}.mlp.up_proj.weight,"[18432,7168]",132120576,1,132120576,"[144,56]",unknown,unknown,,derived,hf-v3-config-json;hf-v3-modeling_deepseek-py;hf-v3-model-safetensors-index-json,https://huggingface.co/deepseek-ai/DeepSeek-V3/blob/e815299b0bcbac849fa540c768ef21845365c9eb/modeling_deepseek.py#L375-L386,逻辑形状来自配置+参数声明；索引仅核对名称，非文件头审计
matrix,dense:mlp.down_proj.weight,,,model.layers.{i}.mlp.down_proj.weight,"[7168,18432]",132120576,1,132120576,"[56,144]",unknown,unknown,,derived,hf-v3-config-json;hf-v3-modeling_deepseek-py;hf-v3-model-safetensors-index-json,https://huggingface.co/deepseek-ai/DeepSeek-V3/blob/e815299b0bcbac849fa540c768ef21845365c9eb/modeling_deepseek.py#L375-L386,逻辑形状来自配置+参数声明；索引仅核对名称，非文件头审计
matrix,router:mlp.gate.weight,,,model.layers.{i}.mlp.gate.weight,"[256,7168]",1835008,1,1835008,unknown,unknown,unknown,,derived,hf-v3-config-json;hf-v3-modeling_deepseek-py;hf-v3-model-safetensors-index-json,https://huggingface.co/deepseek-ai/DeepSeek-V3/blob/e815299b0bcbac849fa540c768ef21845365c9eb/modeling_deepseek.py#L394-L415,逻辑形状来自配置+参数声明；索引仅核对名称，非文件头审计
matrix,router:mlp.gate.e_score_correction_bias,,,model.layers.{i}.mlp.gate.e_score_correction_bias,[256],256,1,256,unknown,unknown,unknown,,derived,hf-v3-config-json;hf-v3-modeling_deepseek-py;hf-v3-model-safetensors-index-json,https://huggingface.co/deepseek-ai/DeepSeek-V3/blob/e815299b0bcbac849fa540c768ef21845365c9eb/modeling_deepseek.py#L394-L415,逻辑形状来自配置+参数声明；索引仅核对名称，非文件头审计
matrix,routed:mlp.experts.{e}.gate_proj.weight,,,model.layers.{i}.mlp.experts.{e}.gate_proj.weight,"[2048,7168]",14680064,256,3758096384,"[16,56]",unknown,unknown,,derived,hf-v3-config-json;hf-v3-modeling_deepseek-py;hf-v3-model-safetensors-index-json,https://huggingface.co/deepseek-ai/DeepSeek-V3/blob/e815299b0bcbac849fa540c768ef21845365c9eb/modeling_deepseek.py#L375-L386,逻辑形状来自配置+参数声明；索引仅核对名称，非文件头审计
matrix,routed:mlp.experts.{e}.up_proj.weight,,,model.layers.{i}.mlp.experts.{e}.up_proj.weight,"[2048,7168]",14680064,256,3758096384,"[16,56]",unknown,unknown,,derived,hf-v3-config-json;hf-v3-modeling_deepseek-py;hf-v3-model-safetensors-index-json,https://huggingface.co/deepseek-ai/DeepSeek-V3/blob/e815299b0bcbac849fa540c768ef21845365c9eb/modeling_deepseek.py#L375-L386,逻辑形状来自配置+参数声明；索引仅核对名称，非文件头审计
matrix,routed:mlp.experts.{e}.down_proj.weight,,,model.layers.{i}.mlp.experts.{e}.down_proj.weight,"[7168,2048]",14680064,256,3758096384,"[56,16]",unknown,unknown,,derived,hf-v3-config-json;hf-v3-modeling_deepseek-py;hf-v3-model-safetensors-index-json,https://huggingface.co/deepseek-ai/DeepSeek-V3/blob/e815299b0bcbac849fa540c768ef21845365c9eb/modeling_deepseek.py#L375-L386,逻辑形状来自配置+参数声明；索引仅核对名称，非文件头审计
matrix,shared:mlp.shared_experts.gate_proj.weight,,,model.layers.{i}.mlp.shared_experts.gate_proj.weight,"[2048,7168]",14680064,1,14680064,"[16,56]",unknown,unknown,,derived,hf-v3-config-json;hf-v3-modeling_deepseek-py;hf-v3-model-safetensors-index-json,https://huggingface.co/deepseek-ai/DeepSeek-V3/blob/e815299b0bcbac849fa540c768ef21845365c9eb/modeling_deepseek.py#L375-L386,逻辑形状来自配置+参数声明；索引仅核对名称，非文件头审计
matrix,shared:mlp.shared_experts.up_proj.weight,,,model.layers.{i}.mlp.shared_experts.up_proj.weight,"[2048,7168]",14680064,1,14680064,"[16,56]",unknown,unknown,,derived,hf-v3-config-json;hf-v3-modeling_deepseek-py;hf-v3-model-safetensors-index-json,https://huggingface.co/deepseek-ai/DeepSeek-V3/blob/e815299b0bcbac849fa540c768ef21845365c9eb/modeling_deepseek.py#L375-L386,逻辑形状来自配置+参数声明；索引仅核对名称，非文件头审计
matrix,shared:mlp.shared_experts.down_proj.weight,,,model.layers.{i}.mlp.shared_experts.down_proj.weight,"[7168,2048]",14680064,1,14680064,"[56,16]",unknown,unknown,,derived,hf-v3-config-json;hf-v3-modeling_deepseek-py;hf-v3-model-safetensors-index-json,https://huggingface.co/deepseek-ai/DeepSeek-V3/blob/e815299b0bcbac849fa540c768ef21845365c9eb/modeling_deepseek.py#L375-L386,逻辑形状来自配置+参数声明；索引仅核对名称，非文件头审计
matrix,global:model.embed_tokens.weight,,,model.embed_tokens.weight,"[129280,7168]",926679040,1,926679040,unknown,unknown,unknown,,derived,hf-v3-config-json;hf-v3-modeling_deepseek-py;hf-v3-model-safetensors-index-json,https://huggingface.co/deepseek-ai/DeepSeek-V3/blob/e815299b0bcbac849fa540c768ef21845365c9eb/modeling_deepseek.py#L1354-L1373,逻辑形状来自配置+参数声明；索引仅核对名称，非文件头审计
matrix,global:model.norm.weight,,,model.norm.weight,[7168],7168,1,7168,unknown,unknown,unknown,,derived,hf-v3-config-json;hf-v3-modeling_deepseek-py;hf-v3-model-safetensors-index-json,https://huggingface.co/deepseek-ai/DeepSeek-V3/blob/e815299b0bcbac849fa540c768ef21845365c9eb/modeling_deepseek.py#L1354-L1373,逻辑形状来自配置+参数声明；索引仅核对名称，非文件头审计
matrix,global:lm_head.weight,,,lm_head.weight,"[129280,7168]",926679040,1,926679040,unknown,unknown,unknown,,derived,hf-v3-config-json;hf-v3-modeling_deepseek-py;hf-v3-model-safetensors-index-json,https://huggingface.co/deepseek-ai/DeepSeek-V3/blob/e815299b0bcbac849fa540c768ef21845365c9eb/modeling_deepseek.py#L1517-L1524,逻辑形状来自配置+参数声明；索引仅核对名称，非文件头审计
summary,attention,187107328,,,,,,,,unknown,unknown,,derived,hf-v3-config-json;hf-v3-modeling_deepseek-py,https://huggingface.co/deepseek-ai/DeepSeek-V3/blob/e815299b0bcbac849fa540c768ef21845365c9eb/modeling_deepseek.py,主干 61 层、独立 embedding/head、norm 与路由校正参数；排除 MTP 和量化 scale；配置+源码推导，非权重审计
summary,blockNorm,14336,,,,,,,,unknown,unknown,,derived,hf-v3-config-json;hf-v3-modeling_deepseek-py,https://huggingface.co/deepseek-ai/DeepSeek-V3/blob/e815299b0bcbac849fa540c768ef21845365c9eb/modeling_deepseek.py,主干 61 层、独立 embedding/head、norm 与路由校正参数；排除 MTP 和量化 scale；配置+源码推导，非权重审计
summary,denseFFN,396361728,,,,,,,,unknown,unknown,,derived,hf-v3-config-json;hf-v3-modeling_deepseek-py,https://huggingface.co/deepseek-ai/DeepSeek-V3/blob/e815299b0bcbac849fa540c768ef21845365c9eb/modeling_deepseek.py,主干 61 层、独立 embedding/head、norm 与路由校正参数；排除 MTP 和量化 scale；配置+源码推导，非权重审计
summary,singleRoutedExpert,44040192,,,,,,,,unknown,unknown,,derived,hf-v3-config-json;hf-v3-modeling_deepseek-py,https://huggingface.co/deepseek-ai/DeepSeek-V3/blob/e815299b0bcbac849fa540c768ef21845365c9eb/modeling_deepseek.py,主干 61 层、独立 embedding/head、norm 与路由校正参数；排除 MTP 和量化 scale；配置+源码推导，非权重审计
summary,allRoutedExperts,11274289152,,,,,,,,unknown,unknown,,derived,hf-v3-config-json;hf-v3-modeling_deepseek-py,https://huggingface.co/deepseek-ai/DeepSeek-V3/blob/e815299b0bcbac849fa540c768ef21845365c9eb/modeling_deepseek.py,主干 61 层、独立 embedding/head、norm 与路由校正参数；排除 MTP 和量化 scale；配置+源码推导，非权重审计
summary,selectedRoutedExpertProxy,352321536,,,,,,,,unknown,unknown,,derived,hf-v3-config-json;hf-v3-modeling_deepseek-py,https://huggingface.co/deepseek-ai/DeepSeek-V3/blob/e815299b0bcbac849fa540c768ef21845365c9eb/modeling_deepseek.py,主干 61 层、独立 embedding/head、norm 与路由校正参数；排除 MTP 和量化 scale；配置+源码推导，非权重审计
summary,sharedExperts,44040192,,,,,,,,unknown,unknown,,derived,hf-v3-config-json;hf-v3-modeling_deepseek-py,https://huggingface.co/deepseek-ai/DeepSeek-V3/blob/e815299b0bcbac849fa540c768ef21845365c9eb/modeling_deepseek.py,主干 61 层、独立 embedding/head、norm 与路由校正参数；排除 MTP 和量化 scale；配置+源码推导，非权重审计
summary,routerIncludingCorrectionBias,1835264,,,,,,,,unknown,unknown,,derived,hf-v3-config-json;hf-v3-modeling_deepseek-py,https://huggingface.co/deepseek-ai/DeepSeek-V3/blob/e815299b0bcbac849fa540c768ef21845365c9eb/modeling_deepseek.py,主干 61 层、独立 embedding/head、norm 与路由校正参数；排除 MTP 和量化 scale；配置+源码推导，非权重审计
summary,denseLayer,583483392,,,,,,,,unknown,unknown,,derived,hf-v3-config-json;hf-v3-modeling_deepseek-py,https://huggingface.co/deepseek-ai/DeepSeek-V3/blob/e815299b0bcbac849fa540c768ef21845365c9eb/modeling_deepseek.py,主干 61 层、独立 embedding/head、norm 与路由校正参数；排除 MTP 和量化 scale；配置+源码推导，非权重审计
summary,moeLayer,11507286272,,,,,,,,unknown,unknown,,derived,hf-v3-config-json;hf-v3-modeling_deepseek-py,https://huggingface.co/deepseek-ai/DeepSeek-V3/blob/e815299b0bcbac849fa540c768ef21845365c9eb/modeling_deepseek.py,主干 61 层、独立 embedding/head、norm 与路由校正参数；排除 MTP 和量化 scale；配置+源码推导，非权重审计
summary,global,1853365248,,,,,,,,unknown,unknown,,derived,hf-v3-config-json;hf-v3-modeling_deepseek-py,https://huggingface.co/deepseek-ai/DeepSeek-V3/blob/e815299b0bcbac849fa540c768ef21845365c9eb/modeling_deepseek.py,主干 61 层、独立 embedding/head、norm 与路由校正参数；排除 MTP 和量化 scale；配置+源码推导，非权重审计
summary,mainUniqueLogical,671026419200,,,,,,,,unknown,unknown,,derived,hf-v3-config-json;hf-v3-modeling_deepseek-py,https://huggingface.co/deepseek-ai/DeepSeek-V3/blob/e815299b0bcbac849fa540c768ef21845365c9eb/modeling_deepseek.py,主干 61 层、独立 embedding/head、norm 与路由校正参数；排除 MTP 和量化 scale；配置+源码推导，非权重审计
mtp,num_nextn_predict_layers,1,,,,,,,,unknown,unknown,,official,hf-v3-config-json,https://huggingface.co/deepseek-ai/DeepSeek-V3/blob/e815299b0bcbac849fa540c768ef21845365c9eb/config.json,MTP 不计入主干 61 层
mtp,projection,,,model.layers.61.eh_proj.weight,"[7168,14336]",102760448,1,102760448,,unknown,unknown,,derived,v3-paper-v2;hf-v3-config-json,https://arxiv.org/html/2412.19437v2#S2.SS2,论文公式21 + H；不是 checkpoint 文件头形状
mtp,official_unique_approx,11500000000,,,,,,,,unknown,unknown,,official,gh-deepseek-v3-readme_weights-md,https://github.com/deepseek-ai/DeepSeek-V3/blob/9b4e9788e4a3a731f7567338ed15d3ec549ce03b/README_WEIGHTS.md,官方近似值；排除共享 embedding/head，不强行与 README 的 14B 配平
mtp,exact_unique_parameters,,unknown,,,,,,,unknown,unknown,,unknown,gh-deepseek-v3-readme_weights-md,https://github.com/deepseek-ai/DeepSeek-V3/blob/9b4e9788e4a3a731f7567338ed15d3ec549ce03b/README_WEIGHTS.md,共享 norm 别名与实际张量 shape 未核验
